id,Sex,Length,Diameter,Height,Weight,Shucked Weight,Viscera Weight,Shell Weight,Age
0,M,1.8,1.375,0.5,51.80871125,23.31746375,10.375917,14.8834875,11.0
1,M,0.725,0.5375,0.175,3.89805625,1.70097,0.56699,0.9922325,5.0
2,M,1.4625,1.1375,0.3875,30.107169,10.546014,6.917278,9.63883,14.0
3,F,1.6125,1.225,0.4,34.23202125,16.782904,6.8889285,9.4970825,9.0
4,M,1.625,1.2625,0.4,34.23202125,15.43630275,7.7394135,9.7805775,10.0
5,I,1.0375,0.7875,0.2625,10.716111,5.6982495,2.4664065,2.8632995,7.0
6,I,1.25,0.95,0.3,18.6256215,9.45455825,4.40834725,4.819415,7.0
7,I,0.9125,0.675,0.2,6.25106475,2.7499015,1.17650425,1.984465,7.0
8,I,0.6875,0.5,0.2,2.8066005,1.0489315,0.680388,0.850485,5.0
9,I,0.725,0.525,0.175,3.16096925,1.51669825,0.80796075,0.850485,6.0
10,M,1.55,1.2,0.4375,36.78347625,16.68368075,7.55514175,10.0640725,13.0
11,F,1.6375,1.325,0.4375,40.86580425,18.32795175,10.70193625,10.3475675,10.0
12,M,1.2375,0.9875,0.3375,15.365429,6.98815175,3.07592075,4.7343665,10.0
13,F,1.4375,1.175,0.45,31.19862475,14.95436125,7.314171,7.5126175,10.0
14,M,1.75,1.375,0.5125,67.5001595,32.1199835,14.84096325,14.458245,12.0
15,F,1.55,1.1875,0.4125,29.07241225,12.68640125,7.200773,8.788345,10.0
16,F,1.4125,1.0625,0.3625,26.7902775,11.793392,5.54232725,7.01650125,11.0
17,M,1.5625,1.2125,0.4375,35.550273,16.48523425,7.3425205,9.4970825,10.0
18,I,1.2375,0.9625,0.3,16.51358375,7.257472,3.47281375,4.6776675,8.0
19,I,1.45,1.075,0.4,25.41532675,10.9145575,7.41339425,7.711064,10.0
20,F,1.5,1.1875,0.4,30.94347925,13.79203175,6.917278,10.0640725,11.0
21,M,1.5375,1.1875,0.4625,31.99241075,13.05494475,8.88756825,8.50485,10.0
22,I,1.3125,0.95,0.3375,20.96445525,12.00601325,4.025629,5.2446575,8.0
23,F,1.65,1.3125,0.45,39.179009,19.391058,6.5487345,9.4970825,11.0
24,F,1.475,1.1625,0.3875,30.4190135,13.99047825,7.27164675,7.7961125,11.0
25,F,1.5,1.1875,0.425,32.6869735,12.26115875,8.051258,8.9867915,14.0
26,F,1.3375,1.075,0.4,24.73493875,10.61688775,5.8116475,6.520385,12.0
27,M,1.5,1.1875,0.3875,27.25804425,11.479221,4.86193925,10.20582,16.0
28,I,1.3,0.9875,0.4,18.75319425,7.41339425,3.742134,5.386405,8.0
29,M,1.4875,1.1625,0.4,31.19862475,13.8062065,6.3786375,9.63883,10.0
30,I,1.25,0.9625,0.3,13.097469,6.36446275,2.9766975,4.252425,8.0
31,F,1.475,1.1625,0.4125,30.51823675,13.13999325,6.22271525,8.788345,14.0
32,M,1.575,1.3625,0.4875,40.029494,20.19901875,8.4198015,11.7650425,11.0
33,I,0.925,0.6875,0.225,5.10291,2.11203775,1.28990225,1.927766,6.0
34,M,1.575,1.2875,0.4625,35.28095275,15.7339725,7.93786,10.77281,9.0
35,F,1.525,1.1625,0.4125,31.638042,11.5382465,5.2446575,9.07184,14.0
36,M,1.3,0.95,0.275,18.27125275,8.71747125,3.231843,4.53592,8.0
37,F,1.5,1.25,0.4125,32.16250775,12.85649825,7.52679225,9.4970825,14.0
38,M,1.25,0.9375,0.35,17.02387475,7.9095105,3.55786225,5.2446575,10.0
39,M,1.325,1.0625,0.325,22.69377475,9.2135875,5.93922025,6.87475375,11.0
40,M,1.5625,1.2875,0.475,37.32211675,16.045817,9.53960675,11.623295,11.0
41,Brian,1.05,0.825,0.2625,11.963489,4.6209685,3.01922175,3.40194,8.0
42,M,1.3,1.0125,0.3375,22.1976585,9.87980075,5.0745605,6.0951425,8.0
43,M,1.3,1.0,0.3125,18.6256215,9.525432,4.40834725,4.819415,7.0
44,F,0.8,0.625,0.2,4.43669675,1.70097,0.97805775,1.2757275,10.0
45,F,1.525,1.2,0.425,30.05047,11.8217415,6.30776375,8.3631025,13.0
46,F,1.5,1.1625,0.4375,37.0527965,15.1669825,7.35669525,11.3681495,14.0
47,M,1.4625,1.1375,0.475,31.51046925,14.628342,7.89533575,7.37087,16.0
48,M,1.6125,1.225,0.3875,31.79396425,14.798439,7.3425205,8.9300925,11.0
49,M,1.3875,1.1375,0.475,26.86115125,10.64523725,5.4714535,10.9145575,13.0
50,M,1.6375,1.3125,0.4125,38.90968875,16.0741665,8.37727725,9.355335,11.0
51,I,0.9125,0.675,0.2125,6.7755305,4.0539785,1.57339725,1.984465,7.0
52,I,1.375,1.0625,0.375,19.4761065,8.49067525,3.9405805,6.9456275,13.0
53,M,1.3,1.0125,0.55,27.5273645,8.3631025,3.95475525,9.922325,18.0
54,M,0.875,0.65,0.225,5.386405,2.1262125,1.09145575,1.8427175,10.0
55,I,0.9875,0.7,0.2625,8.12213175,3.345241,1.8994165,2.324659,7.0
56,M,1.2,0.975,0.3375,16.76872925,8.164656,3.92640575,5.2446575,8.0
57,F,1.375,1.0875,0.3625,20.97863,8.15048125,4.66349275,6.9456275,9.0
58,I,1.075,0.8375,0.2375,10.16329575,4.9611625,2.22543575,2.6365035,8.0
59,I,0.7875,0.5875,0.225,4.2807745,2.26796,1.06310625,1.417475,6.0
60,M,1.5375,1.2375,0.4125,33.0271675,14.628342,8.221355,9.0434905,12.0
61,F,1.2625,1.0,0.3125,19.83047525,9.015141,4.252425,5.2446575,10.0
62,I,0.9375,0.6625,0.2375,6.1518415,2.721552,1.417475,2.551455,10.0
63,F,1.55,1.175,0.375,28.33532525,11.3398,7.6260155,7.087375,11.0
64,I,1.1875,0.975,0.3125,19.8163005,9.76640275,3.72795925,5.2446575,9.0
65,M,1.375,1.075,0.375,25.798045,9.241937,5.45727875,7.030676,11.0
66,I,0.9625,0.725,0.2625,10.432616,4.422522,1.814368,2.9766975,7.0
67,M,1.4125,1.1,0.3125,26.54930675,12.3320325,5.51397775,7.5126175,9.0
68,M,1.475,1.1375,0.425,33.46658475,13.65028425,5.556502,8.788345,16.0
69,F,1.425,1.1125,0.3625,24.76328825,9.87980075,5.82582225,7.5126175,10.0
70,M,1.4125,1.125,0.425,25.3728025,11.0846545,6.13766675,7.087375,9.0
71,F,1.425,1.1,0.3875,27.25804425,11.49572225,4.63514325,7.654365,10.0
72,F,1.1625,0.875,0.325,16.0741665,7.10154975,3.288542,4.9611625,9.0
73,M,1.4375,1.125,0.3125,27.1871705,13.53688625,6.2652395,7.5126175,9.0
74,I,1.575,1.2125,0.4125,33.35318675,14.84096325,6.90310325,8.9300925,11.0
75,M,1.6375,1.2875,0.4375,39.41997975,17.08057375,8.391452,11.623295,11.0
76,M,1.4375,1.15,0.4,31.62386725,15.80484625,6.25106475,7.37087,9.0
77,M,1.3125,1.0,0.45,20.22736825,7.81028725,5.06038575,6.23689,10.0
78,F,1.3125,1.0625,0.375,27.34309275,6.81805475,4.989512,8.50485,15.0
79,I,1.1875,0.925,0.2875,14.75591475,6.406987,3.4869885,4.12485225,9.0
80,F,1.4375,1.1125,0.4125,24.99008425,11.623295,5.5848515,7.7961125,12.0
81,I,1.25,0.95,0.3375,14.004653,5.4714535,2.93417325,5.10291,15.0
82,M,1.525,1.1375,0.375,30.71668325,11.0846545,4.8477645,10.61688775,12.0
83,F,1.575,1.225,0.3625,31.62386725,10.432616,6.56290925,10.7444605,11.0
84,I,1.4125,1.0875,0.3875,30.09299425,10.64523725,4.422522,9.2135875,18.0
85,M,1.35,1.025,0.35,18.01610725,7.15824875,4.43669675,6.0951425,10.0
86,M,1.4625,1.075,0.4,26.138239,11.38232425,7.711064,7.7961125,9.0
87,M,1.3125,1.025,0.35,20.638436,9.85145125,4.86193925,5.386405,8.0
88,M,1.375,1.125,0.375,26.20911275,9.7238785,6.22271525,8.278054,11.0
89,I,1.0125,0.75,0.3,8.901743,3.912231,1.99863975,2.83495,9.0
90,I,1.3125,1.0,0.35,19.85882475,8.54737425,4.2240755,5.953395,8.0
91,M,1.4,1.125,0.3875,25.8263945,10.2341695,5.23048275,8.788345,13.0
92,F,1.5,1.2125,0.4,32.44600275,12.8423235,6.973977,10.3475675,14.0
93,M,1.575,1.2,0.3875,34.6147395,17.05222425,7.6827145,8.3631025,10.0
94,I,0.5,0.375,0.1125,1.09145575,0.35436875,0.24097075,0.283495,5.0
95,I,0.4375,0.3,0.1375,0.907184,0.3118445,0.15592225,0.283495,5.0
96,F,1.5,1.175,0.375,31.127751,14.74174,6.84640425,8.788345,11.0
97,M,1.45,1.125,0.3625,26.7335785,12.1052365,6.0384435,6.80388,10.0
98,I,0.775,0.5625,0.1875,3.92640575,1.5025235,0.94970825,1.13398,5.0
99,I,1.2125,0.9375,0.25,16.9246515,6.4920355,3.7137845,5.2446575,8.0
100,I,1.175,0.925,0.25,11.5949455,4.74854125,2.90582375,3.78465825,7.0
101,M,1.7,1.35,0.425,50.53298375,23.6151335,11.60912025,11.7650425,10.0
102,I,1.375,1.0625,0.35,26.54930675,10.2341695,4.97533725,8.3631025,20.0
103,M,1.525,1.2,0.4375,36.117263,16.4143605,7.3992195,10.77281,13.0
104,F,1.225,0.925,0.3125,13.8062065,6.2652395,3.6003865,3.8271825,8.0
105,M,1.425,1.1625,0.35,24.323871,10.77281,5.79747275,7.087375,9.0
106,I,1.475,1.15,0.4,27.76833525,11.679994,6.80388,7.7961125,10.0
107,F,1.65,1.2625,0.4625,35.76289425,15.26620575,9.015141,10.6310625,10.0
108,M,1.25,0.975,0.35,18.10115575,7.824462,3.515338,5.2446575,11.0
109,M,1.6125,1.25,0.425,37.9032815,16.0174675,7.52679225,10.0640725,11.0
110,M,1.3875,1.0625,0.3875,26.7902775,10.0640725,5.3580555,7.087375,11.0
111,M,1.3375,1.05,0.3375,20.87940675,9.8372765,4.195726,5.8116475,9.0
112,I,0.4875,0.3625,0.125,1.09145575,0.35436875,0.226796,0.340194,3.0
113,I,1.0625,0.8,0.25,9.07184,3.69960975,2.05533875,2.9766975,8.0
114,M,1.6,1.3,0.475,38.11590275,18.6256215,8.54737425,10.3475675,11.0
115,F,1.825,1.4375,0.4875,54.0624965,25.8830935,12.06271225,14.21727425,11.0
116,F,1.675,1.2875,0.5625,45.982889,14.514944,10.9712565,13.1825175,16.0
117,F,1.6125,1.25,0.475,32.16250775,13.93377925,6.73300625,11.056305,9.0
118,I,0.6875,0.5125,0.175,3.04757125,1.37495075,0.793786,0.9922325,6.0
119,F,1.375,1.025,0.375,24.9192105,9.808927,6.44951125,7.0023265,10.0
120,I,1.05,0.8,0.275,10.375917,4.0539785,2.608154,2.9766975,8.0
121,M,1.525,1.225,0.4,31.70891575,13.947954,7.32834575,9.4970825,11.0
122,I,1.4875,1.1625,0.3625,27.91008275,12.530479,5.96756975,6.6621325,8.0
123,I,0.925,0.7,0.2,6.13766675,2.721552,1.28990225,1.68679525,7.0
124,M,1.0875,0.8,0.3,9.8372765,4.66349275,1.871067,2.6932025,8.0
125,F,1.7375,1.35,0.5125,49.8100715,20.6100865,9.695529,15.18115725,16.0
126,M,1.225,0.95,0.35,18.1153305,6.066793,4.32329875,4.53592,14.0
127,I,1.45,1.125,0.325,22.0275615,10.432616,4.55009475,6.520385,10.0
128,I,0.6125,0.4375,0.175,1.94194075,0.58116475,0.396893,0.56699,4.0
129,F,1.5125,1.2375,0.4,31.3828965,13.50853675,7.2291225,9.922325,14.0
130,I,1.05,0.825,0.25,9.19941275,4.43669675,1.97029025,2.9199985,7.0
131,M,1.475,1.1375,0.4,30.40483875,13.9763035,6.690482,8.221355,10.0
132,F,1.375,1.0875,0.4,24.38057,8.09378225,4.9044635,9.07184,24.0
133,F,1.5125,1.225,0.4125,32.16250775,11.9351395,8.334753,9.922325,12.0
134,M,1.6,1.2625,0.4125,35.16755475,17.08057375,8.43397625,10.0640725,11.0
135,F,1.575,1.1875,0.4,35.62114675,13.93377925,8.54737425,9.2135875,10.0
136,I,1.4,1.1,0.4125,24.9192105,10.3475675,5.783298,7.37087,15.0
137,M,1.1,0.8625,0.2625,10.41844125,4.139027,1.8427175,3.40194,12.0
138,I,1.425,1.125,0.3625,24.6924145,11.736693,5.5281525,6.23689,9.0
139,F,1.5,1.2,0.4,35.47939925,17.08057375,8.34892775,9.2135875,11.0
140,F,1.6875,1.3125,0.4875,44.22522,18.86659225,8.4198015,11.1980525,11.0
141,M,1.35,1.0375,0.3125,21.829115,8.97261675,4.8477645,5.5281525,9.0
142,I,1.0125,0.75,0.275,8.958442,3.55786225,1.80019325,2.62232875,8.0
143,I,0.9375,0.7125,0.25,6.80388,1.97029025,1.2757275,2.26796,7.0
144,F,1.5875,1.25,0.425,38.22930075,16.8112535,8.66077225,10.3475675,11.0
145,M,1.3,0.9875,0.35,18.4555245,7.04485075,4.5642695,5.2446575,8.0
146,I,1.0,0.775,0.2125,7.2858215,3.96893,1.417475,2.33883375,7.0
147,I,0.725,0.5625,0.1875,3.345241,1.88524175,0.75126175,1.020582,6.0
148,M,1.5125,1.1875,0.45,38.82464025,14.5432935,8.278054,9.7805775,10.0
149,I,0.6875,0.4875,0.1375,3.005047,1.1623295,0.510291,0.7654365,5.0
150,I,0.5125,0.3875,0.1375,1.20485375,0.29766975,0.35436875,0.510291,4.0
151,M,1.1375,0.875,0.3125,13.39513875,5.34388075,2.9766975,4.252425,9.0
152,I,1.15,0.875,0.325,12.813974,5.74077375,2.90582375,3.685435,8.0
153,M,1.525,1.2,0.3875,32.33260475,19.06503875,6.76135575,6.6621325,8.0
154,I,1.275,0.9375,0.3125,15.29455525,6.98815175,3.061746,4.53592,8.0
155,M,1.5375,1.1875,0.4125,34.37376875,17.463292,7.3992195,9.4970825,10.0
156,I,1.05,0.8125,0.3125,10.262519,4.97533725,2.4097075,3.40194,8.0
157,M,1.45,1.0875,0.3625,25.060958,11.0846545,5.23048275,6.23689,8.0
158,I,0.35,0.2625,0.0875,0.41106775,0.15592225,0.09922325,0.1417475,4.0
159,I,0.6125,0.425,0.1625,1.80019325,0.69456275,0.3685435,0.56699,7.0
160,M,1.875,1.45,0.5375,58.13064975,18.32795175,12.54465375,16.556108,11.0
161,I,0.9,0.7375,0.2,7.81028725,3.96893,1.74349425,2.26796,7.0
162,I,0.8875,0.7,0.225,7.49844275,2.65067825,1.43164975,2.1262125,7.0
163,I,1.175,0.8875,0.3,14.2030995,7.257472,3.2601925,3.8271825,7.0
164,M,1.4625,1.15,0.3625,26.03901575,9.76640275,5.23048275,8.0796075,14.0
165,F,1.4,1.1125,0.3375,22.6512505,8.94426725,5.54232725,7.93786,10.0
166,M,1.4125,1.1125,0.325,23.45921125,9.76640275,4.2240755,6.80388,13.0
167,F,1.6625,1.2875,0.425,39.405805,17.349894,8.674947,10.3475675,11.0
168,I,1.2,0.8625,0.325,12.587178,4.9611625,2.5231055,3.96893,8.0
169,I,1.2625,0.975,0.325,14.118051,6.73300625,3.30271675,4.29494925,8.0
170,F,1.4625,1.2625,0.4,36.230661,17.78931125,6.917278,9.7805775,11.0
171,F,1.5375,1.2125,0.475,34.5013415,14.514944,6.350288,10.0640725,11.0
172,F,1.2,0.95,0.325,17.349894,4.91863825,4.01145425,5.3013565,14.0
173,I,0.725,0.525,0.15,2.59397925,1.020582,0.52446575,0.850485,5.0
174,I,1.4,1.1,0.4125,24.777463,9.05766525,5.8683465,7.087375,12.0
175,I,1.35,1.0875,0.3375,19.43358225,9.53960675,3.1467945,5.85417175,8.0
176,M,1.3875,1.1,0.3375,22.01338675,9.525432,5.23048275,6.520385,14.0
177,M,1.325,1.075,0.3625,21.27629975,7.52679225,4.479221,6.9456275,18.0
178,F,1.5625,1.2125,0.4375,36.457457,16.782904,7.75358825,9.922325,10.0
179,M,1.2875,0.9875,0.3375,16.782904,6.16601625,4.06815325,4.819415,10.0
180,M,1.4875,1.1375,0.375,24.040376,11.29727575,4.8477645,7.2291225,10.0
181,F,1.675,1.3125,0.4625,44.09764725,18.83824275,12.57300325,10.9145575,12.0
182,F,1.5125,1.2125,0.45,27.612413,11.32562525,4.195726,8.50485,18.0
183,I,0.95,0.725,0.2375,8.674947,3.6003865,1.80019325,2.551455,7.0
184,F,1.4375,1.0875,0.3875,29.313383,12.360382,6.30776375,8.0796075,10.0
185,M,1.675,1.3,0.4375,41.00755175,19.504456,8.0229085,10.78698475,11.0
186,F,1.5,1.1375,0.425,28.236102,11.01378075,6.577084,9.2135875,18.0
187,M,1.4125,1.1,0.3,24.36639525,11.8784405,5.03203625,5.953395,8.0
188,I,1.1875,0.8875,0.275,14.04717725,7.3425205,2.67902775,3.96893,7.0
189,I,0.575,0.4125,0.1125,1.304077,0.69456275,0.43941725,0.4252425,4.0
190,F,1.575,1.225,0.4125,32.16250775,13.99047825,7.3425205,9.355335,12.0
191,M,1.45,1.1625,0.3875,31.18445,14.75591475,6.27941425,7.93786,9.0
192,I,1.0625,0.8375,0.25,10.27669375,3.798833,2.36718325,3.118445,6.0
193,M,1.55,1.225,0.4375,35.50774875,16.85377775,9.96484925,9.07184,10.0
194,M,1.5,1.2,0.3625,27.25804425,13.4660125,5.03203625,7.7961125,8.0
195,I,1.3,1.0,0.2625,17.53416575,9.28446125,3.061746,4.43669675,7.0
196,F,1.8,1.4375,0.4375,51.27007075,26.28192725,11.15552825,12.6155275,11.0
197,I,1.0875,0.8375,0.3,12.48795475,4.989512,2.05533875,4.3941725,9.0
198,I,1.05,0.85,0.275,11.8217415,6.10931725,2.48058125,2.83495,7.0
199,I,0.925,0.725,0.225,7.92368525,3.92640575,1.63009625,2.1262125,6.0
200,I,0.875,0.65,0.2125,5.34388075,2.211261,0.963883,1.70097,6.0
201,F,1.45,1.125,0.35,23.7285315,10.24834425,4.53592,6.6621325,10.0
202,F,1.6125,1.25,0.425,34.302895,15.2236815,7.0023265,9.07184,11.0
203,F,1.3125,1.025,0.3625,23.019794,6.406987,5.88252125,8.334753,13.0
204,F,1.425,1.0875,0.4125,25.51455,11.0846545,5.79747275,7.087375,10.0
205,M,1.325,1.0125,0.375,18.257078,7.29999625,4.252425,5.10291,10.0
206,M,1.475,1.15,0.3625,29.44095575,12.06271225,7.200773,7.5126175,9.0
207,I,0.925,0.6875,0.25,6.917278,3.061746,1.77184375,1.984465,8.0
208,I,1.0125,0.7625,0.2,8.901743,3.061746,1.99863975,2.83495,7.0
209,M,1.6625,1.2875,0.4625,39.9444455,17.293195,7.38504475,10.21999475,11.0
210,I,0.3375,0.2625,0.075,0.38271825,0.226796,0.09922325,0.226796,4.0
211,M,0.9625,0.7125,0.2625,7.824462,2.59397925,1.8994165,2.1262125,8.0
212,I,1.375,1.075,0.3375,19.60367925,8.8733935,3.89805625,5.6699,10.0
213,M,1.7375,1.4,0.4625,49.45570275,21.89998875,10.6877615,11.7650425,10.0
214,I,0.925,0.6875,0.2125,5.59902625,2.721552,1.6159215,1.70097,6.0
215,I,1.025,0.75,0.25,7.98038425,3.9972795,1.587572,2.4097075,7.0
216,I,0.9125,0.675,0.225,6.08096775,2.721552,1.31825175,2.494756,6.0
217,M,1.425,1.1125,0.3625,25.72717125,10.61688775,4.80524025,10.0640725,14.0
218,M,1.4375,1.125,0.325,25.44367625,12.303683,5.556502,6.87475375,8.0
219,M,1.3125,1.025,0.4,24.30969625,8.561549,4.479221,8.0796075,15.0
220,I,1.3,1.0625,0.35,22.80717275,13.664459,4.932813,5.8116475,9.0
221,M,1.475,1.125,0.375,28.76056775,12.94154675,6.78970525,6.80388,11.0
222,I,1.05,0.8125,0.25,9.82310175,4.37999775,1.94194075,2.9766975,6.0
223,F,1.3125,1.0625,0.3375,19.63202875,9.31281075,3.72795925,5.2446575,8.0
224,F,1.5125,1.2125,0.3875,32.375129,15.52135125,8.107957,8.50485,10.0
225,F,1.6,1.2625,0.4375,37.1094955,15.80484625,7.6260155,9.07184,10.0
226,M,1.5375,1.15,0.425,29.15746075,15.3370795,4.37999775,7.93786,9.0
227,M,1.6625,1.2875,0.425,41.8722115,17.7184375,8.77417025,12.45960525,10.0
228,I,1.575,1.2125,0.3875,30.91512975,13.6928085,5.17378375,10.0640725,19.0
229,I,1.2875,0.975,0.3125,16.31513725,6.98815175,3.4869885,4.9611625,8.0
230,M,1.2,0.8875,0.3,13.13999325,5.6699,3.572037,4.1106775,9.0
231,F,1.3375,1.05,0.35,21.58814425,6.67630725,5.1312595,6.0951425,16.0
232,I,1.0375,0.8125,0.2875,10.19164525,4.69184225,1.984465,3.118445,8.0
233,I,1.3125,1.075,0.325,19.504456,9.865626,3.72795925,5.386405,9.0
234,M,1.5125,1.1875,0.3625,29.0015385,14.685041,5.40057975,7.087375,9.0
235,I,1.0,0.875,0.25,10.98543125,4.46504625,2.53728025,3.288542,7.0
236,F,1.3,1.0,0.3375,17.95940825,9.7805775,3.6003865,4.3941725,9.0
237,I,1.375,1.0625,0.375,22.5378525,8.3631025,4.89028875,7.2291225,10.0
238,M,1.4125,1.0875,0.3875,24.6924145,12.3320325,4.52174525,7.427569,10.0
239,M,1.5125,1.1875,0.4125,29.540179,12.47378,6.010094,8.788345,11.0
240,F,1.5875,1.2625,0.4125,36.55668025,16.839603,9.015141,9.355335,11.0
241,I,0.9375,0.7,0.2125,6.350288,2.42388225,1.530873,2.05533875,6.0
242,F,1.675,1.3,0.4375,36.7693015,17.78931125,8.34892775,9.4970825,11.0
243,I,1.1625,0.9,0.275,14.35902175,6.10931725,2.3530085,3.96893,8.0
244,F,1.5625,1.2125,0.35,27.1304715,13.08329425,5.03203625,8.0796075,9.0
245,I,1.4125,1.1,0.45,28.5479465,10.9145575,5.71242425,8.6465975,13.0
246,I,1.2,0.8875,0.3,13.437663,6.90310325,2.93417325,3.40194,7.0
247,M,1.2375,0.95,0.3,16.40018575,7.01650125,3.47281375,4.3941725,8.0
248,M,1.675,1.2625,0.45,45.71356875,13.73533275,9.8372765,20.5533875,14.0
249,I,0.9625,0.7125,0.2125,7.6827145,3.24601775,1.09145575,1.927766,7.0
250,I,1.525,1.1625,0.375,27.17299575,11.8784405,6.5487345,9.355335,11.0
251,I,1.45,1.1,0.3625,26.308336,12.40290625,5.159609,7.654365,9.0
252,M,1.4125,1.1,0.3625,23.0481435,10.9145575,4.94698775,6.520385,9.0
253,M,1.2,0.95,0.3375,15.66309875,5.2446575,3.72795925,5.2446575,12.0
254,F,1.5375,1.1875,0.3875,27.76833525,13.8062065,5.99591925,7.61184075,11.0
255,F,1.65,1.2625,0.425,34.8415355,14.855138,8.2497045,10.20582,12.0
256,F,1.8,1.4125,0.475,51.5110415,24.73493875,10.4042665,12.190285,11.0
257,M,1.775,1.425,0.5,60.214338,26.97454925,12.09106175,16.0174675,13.0
258,M,1.575,1.2,0.3375,31.3828965,13.154168,6.3786375,7.6260155,9.0
259,M,1.625,1.25,0.4625,37.63396125,19.94387325,7.95203475,9.355335,12.0
260,I,1.1,0.8625,0.3125,11.2547515,4.6209685,2.3530085,3.40194,7.0
261,I,1.075,0.8,0.2875,11.7083435,5.82582225,2.14038725,2.83495,6.0
262,M,1.35,1.0375,0.4,28.2077525,7.030676,5.88252125,9.355335,17.0
263,F,1.5625,1.2,0.475,30.91512975,10.3475675,8.66077225,10.0640725,12.0
264,M,1.175,0.925,0.325,13.22504175,5.57067675,2.93417325,4.12485225,9.0
265,F,1.8,1.375,0.5,49.668324,19.1359125,10.56018875,16.44271,10.0
266,F,1.5,1.1875,0.3625,32.034935,13.08329425,7.427569,8.6465975,10.0
267,I,1.4125,1.0625,0.3125,23.700182,11.793392,4.139027,6.520385,8.0
268,I,1.1875,0.95,0.3375,14.10387625,6.73300625,2.8066005,3.96893,9.0
269,F,1.4625,1.125,0.4,39.41997975,21.8007655,7.41339425,8.221355,9.0
270,I,1.275,1.0,0.3625,18.6256215,7.3425205,4.57844425,5.8116475,9.0
271,I,1.15,0.8625,0.3,12.54465375,5.71242425,2.4664065,3.33106625,7.0
272,M,1.5125,1.1875,0.375,27.1304715,12.6155275,7.540967,7.6260155,10.0
273,M,1.2125,0.9625,0.3375,16.42853525,6.56290925,2.9199985,5.953395,11.0
274,M,1.625,1.3125,0.5,38.11590275,14.3731965,8.2497045,10.20582,15.0
275,F,1.5875,1.25,0.4375,32.31843,14.64251675,8.37727725,8.3631025,9.0
276,I,1.075,0.85,0.3125,11.89261525,3.912231,2.9766975,3.685435,8.0
277,I,0.925,0.6875,0.2375,5.783298,2.70737725,1.28990225,2.1262125,6.0
278,M,1.5625,1.2375,0.4,48.00987825,18.5689225,8.6465975,15.06775925,19.0
279,F,1.4125,1.075,0.4,28.8314415,9.48290775,6.5487345,7.93786,18.0
280,I,0.675,0.4875,0.0,2.02698925,1.1056305,0.63786375,0.7087375,4.0
281,I,0.825,0.65,0.2125,5.31553125,1.984465,1.20485375,1.8427175,6.0
282,F,1.575,1.2375,0.3875,31.08522675,14.61416725,6.973977,8.164656,9.0
283,M,1.375,1.1,0.3375,21.9708625,8.77417025,4.762716,6.76135575,10.0
284,M,1.475,1.1375,0.35,26.365035,11.94931425,5.8116475,7.5126175,9.0
285,M partially I,0.9625,0.725,0.2375,8.06543275,3.44446425,1.4458245,2.4664065,7.0
286,F,1.5,1.175,0.35,31.53881875,13.08329425,7.32834575,8.6465975,9.0
287,I,1.0,0.775,0.25,8.66077225,3.40194,2.16873675,2.5231055,7.0
288,F,1.5375,1.175,0.4625,31.3261975,13.79203175,7.0023265,8.221355,9.0
289,F,1.6125,1.275,0.4625,38.71124225,17.22232125,9.99319875,10.6310625,8.0
290,I,1.0375,0.7875,0.2875,8.674947,3.72795925,2.08368825,2.83495,12.0
291,M,1.4125,1.1125,0.4,24.39474475,9.28446125,4.5075705,7.37087,10.0
292,M,1.4125,1.1,0.375,26.09571475,11.283101,6.520385,8.0796075,8.0
293,F,1.3125,1.0,0.325,19.43358225,8.788345,4.1673765,5.046211,10.0
294,M,1.425,1.1375,0.4125,25.33027825,11.04213025,6.59125875,6.9456275,9.0
295,F,1.6125,1.25,0.4375,39.81687275,17.44911725,8.88756825,9.7805775,11.0
296,I,1.0625,0.8125,0.2875,10.41844125,4.83358975,2.1262125,3.40194,9.0
297,F,2.0,1.575,0.5375,71.11472075,33.92017675,14.18892475,17.690088,22.0
298,I,1.275,1.0,0.3125,22.5378525,10.70193625,4.89028875,6.23689,9.0
299,M,1.3125,1.0125,0.3625,16.42853525,7.654365,3.95475525,5.6699,9.0
300,F,1.4,1.1125,0.4,22.75047375,9.865626,4.649318,7.37087,13.0
301,I,1.525,1.125,0.4125,25.33027825,11.0846545,6.123492,6.80388,10.0
302,I,1.4,1.1125,0.3125,19.15008725,9.128539,3.72795925,5.953395,8.0
303,M,1.45,1.1625,0.3875,27.895908,13.4660125,5.329706,7.5126175,11.0
304,M,1.5375,1.2375,0.4375,31.59551775,13.2959155,7.52679225,9.63883,9.0
305,M,1.6375,1.3,0.475,42.354153,15.03940975,10.2341695,11.623295,19.0
306,F,1.325,0.9875,0.3125,16.9246515,6.67630725,3.89805625,5.2446575,10.0
307,M,1.625,1.375,0.475,48.7327905,23.23241525,8.051258,13.891255,11.0
308,F,1.3625,1.075,0.35,19.57532975,9.34116025,4.2807745,6.23689,8.0
309,M,1.225,0.9375,0.25,16.31513725,7.1157245,4.72019175,3.685435,9.0
310,I,1.25,0.9625,0.325,16.8112535,8.54737425,3.6003865,5.10291,9.0
311,I,0.775,0.5625,0.1875,4.309124,1.74349425,0.963883,1.3891255,6.0
312,I,1.1875,0.9375,0.325,14.118051,5.74077375,3.27436725,4.3941725,9.0
313,F,1.675,1.3625,0.55,49.384829,21.262125,10.149121,13.60776,10.0
314,I,0.975,0.725,0.25,7.314171,3.24601775,1.28990225,2.1262125,6.0
315,M,1.6,1.2,0.4125,35.550273,14.35902175,8.6465975,9.922325,9.0
316,F,1.55,1.1875,0.475,34.60056475,17.81766075,7.3992195,9.2135875,13.0
317,F,1.4125,1.1375,0.3875,23.91280325,9.85145125,4.9044635,7.087375,12.0
318,F,1.4125,1.1,0.4,27.93843225,11.01378075,5.79747275,7.37087,16.0
319,M,0.925,0.7375,0.25,7.6260155,3.288542,1.7860185,2.1262125,12.0
320,I,0.7,0.5,0.175,3.38776525,1.54504775,0.75126175,0.9922325,7.0
321,M,1.4625,1.1625,0.4125,27.499015,13.9763035,5.3013565,7.37087,11.0
322,M,0.925,0.6875,0.2,6.917278,2.778251,1.757669,2.1262125,8.0
323,F,1.6125,1.275,0.45,34.3312445,16.82542825,7.75358825,11.056305,11.0
324,M,1.625,1.25,0.425,38.93803825,16.11669075,8.57572375,10.0073735,10.0
325,I,0.9625,0.725,0.225,7.12989925,3.44446425,1.7293195,2.551455,7.0
326,I,0.9125,0.675,0.2125,5.556502,2.721552,1.20485375,1.814368,6.0
327,I,0.8,0.6,0.2125,4.819415,2.05533875,1.1056305,1.2190285,6.0
328,F,1.225,0.9625,0.35,17.36406875,6.7188315,4.26659975,4.819415,10.0
329,F,1.425,1.175,0.35,25.86891875,10.5176645,6.2085405,7.654365,10.0
330,M,1.35,1.0375,0.35,25.287754,11.35397475,4.29494925,7.7961125,10.0
331,M,1.175,0.9,0.25,12.74310025,4.63514325,2.948348,3.78465825,9.0
332,F,1.525,1.175,0.375,28.64716975,12.3320325,7.597666,8.6465975,9.0
333,F,1.675,1.2875,0.4625,45.3875495,22.55202725,9.525432,11.1980525,13.0
334,M,1.4875,1.1625,0.4,29.13687875,12.0485375,8.561549,8.50485,10.0
335,I,0.8375,0.65,0.225,5.1312595,2.42388225,1.13398,1.984465,6.0
336,I,1.0125,0.775,0.225,11.55242125,5.08873525,1.88524175,2.4097075,8.0
337,M,1.45,1.125,0.3875,27.08794725,9.28446125,6.76135575,8.3631025,11.0
338,M,1.5375,1.2375,0.4375,38.51279575,18.83824275,9.525432,9.07184,10.0
339,I,0.9375,0.7,0.2,6.13766675,2.7499015,1.09145575,1.984465,6.0
340,I,1.175,0.925,0.3,12.984071,5.443104,3.1467945,4.1106775,9.0
341,I,0.7,0.5125,0.2,3.81300775,1.871067,0.60951425,0.850485,5.0
342,F,1.575,1.2625,0.4,31.56716825,11.736693,5.99591925,11.3398,14.0
343,F,1.6,1.25,0.3875,41.00755175,17.42076775,8.448151,11.056305,13.0
344,F,1.0125,0.85,0.275,10.56018875,4.9044635,2.31048425,3.118445,8.0
345,I,1.3375,1.05,0.35,17.95940825,6.16601625,3.6003865,6.16601625,10.0
346,I,0.45,0.3125,0.1375,0.66621325,0.35436875,0.2551455,0.2551455,4.0
347,M,1.15,0.9375,0.2875,13.777857,5.4147545,3.061746,4.819415,10.0
348,F,1.575,1.25,0.4125,32.545226,14.7133905,6.917278,10.489315,9.0
349,I,0.9875,0.75,0.225,9.93649975,4.0539785,1.88524175,2.5798045,7.0
350,M,1.5625,1.225,0.4125,31.127751,12.77144975,6.67630725,9.7805775,13.0
351,F,1.475,1.2125,0.4125,28.64716975,10.489315,6.690482,11.056305,14.0
352,I,0.8375,0.65,0.2125,5.556502,1.984465,1.06310625,1.7860185,6.0
353,F,1.6125,1.225,0.4375,37.1094955,15.478827,7.0023265,9.19941275,24.0
354,F,1.775,1.425,0.5125,53.4388075,26.932025,11.2547515,12.85649825,11.0
355,M,1.4375,1.15,0.375,26.138239,11.679994,5.726599,8.50485,14.0
356,F,1.75,1.3125,0.5,50.6605565,22.69377475,9.525432,11.056305,12.0
357,I,1.0,0.775,0.25,8.901743,3.912231,1.80019325,2.6365035,7.0
358,I,1.3,1.0,0.3625,21.55979475,11.07047975,4.4508715,5.2446575,8.0
359,M,1.725,1.325,0.45,44.55123925,19.220961,8.8166945,12.45960525,10.0
360,F,1.3625,1.0125,0.375,28.22192725,10.8578585,6.87475375,7.5126175,19.0
361,I,1.075,0.8125,0.2875,10.33339275,5.9250455,2.25378525,2.9766975,8.0
362,I,0.875,0.6625,0.225,5.5848515,2.2396105,1.03475675,1.8427175,7.0
363,F,1.5125,1.175,0.3625,31.48211975,13.154168,6.93145275,6.23689,9.0
364,M,1.6125,1.25,0.375,34.60056475,17.42076775,7.18659825,9.355335,10.0
365,M,1.3,1.0,0.3125,14.628342,5.37223025,3.89805625,4.819415,9.0
366,F,1.625,1.25,0.45,38.725417,16.68368075,6.463686,12.757275,10.0
367,F,1.6375,1.2875,0.4,34.58639,13.70698325,8.43397625,9.7805775,14.0
368,F,1.3125,0.975,0.3625,20.6100865,8.2497045,4.6209685,5.5281525,9.0
369,I,1.0125,0.7875,0.225,9.63883,4.932813,1.8994165,2.9199985,8.0
370,M,1.475,1.125,0.4125,32.545226,15.252031,6.917278,8.6465975,9.0
371,M,1.475,1.175,0.3875,28.02348075,13.097469,6.23689,8.3631025,11.0
372,F,1.8375,1.4125,0.4375,56.82657275,23.71435675,11.52407175,14.74174,11.0
373,F,1.1875,0.975,0.3375,15.5071765,5.6699,3.30271675,4.819415,8.0
374,M,1.25,1.025,0.35,20.25571775,7.49844275,4.139027,6.9456275,13.0
375,M,1.6375,1.25,0.4,36.3157095,17.61921425,8.85921875,10.44679075,8.0
376,I,1.1125,0.875,0.3,11.55242125,4.03980375,2.5231055,3.40194,8.0
377,I,0.9,0.675,0.2125,6.39281225,3.01922175,1.1056305,1.7293195,6.0
378,M,1.4875,1.1875,0.425,37.32211675,15.762322,7.711064,11.01378075,11.0
379,I,1.3125,0.9875,0.3125,16.71203025,7.484268,3.7137845,4.762716,9.0
380,M,0.925,0.6875,0.2125,5.8116475,2.11203775,1.34660125,1.984465,10.0
381,F,1.6875,1.3625,0.4625,45.91201525,18.83824275,9.128539,13.25339125,14.0
382,M,1.575,1.2375,0.475,37.4610075,17.3215445,9.8372765,10.61688775,9.0
383,M,1.5875,1.275,0.45,32.998818,10.41844125,7.6827145,11.01378075,13.0
384,F,1.6,1.25,0.4125,30.40483875,12.927372,7.29999625,8.0796075,11.0
385,F,1.3125,1.0125,0.375,20.41164,7.78193775,4.9044635,5.5281525,9.0
386,F,1.125,0.8,0.35,13.551061,5.82582225,2.9766975,3.8271825,8.0
387,F,1.4,1.125,0.3125,24.76328825,11.736693,4.26659975,7.37087,12.0
388,F,1.6625,1.3,0.475,40.69570725,17.73261225,7.75358825,11.3398,9.0
389,M,1.175,0.9,0.3,15.2236815,6.860579,3.75630875,4.139027,11.0
390,M,1.575,1.2,0.3375,30.957654,12.587178,6.19436575,10.489315,15.0
391,M,1.5,1.1875,0.375,29.9087225,12.23280925,6.2652395,8.9300925,11.0
392,I,0.675,0.5125,0.1625,3.345241,1.587572,0.66621325,0.850485,5.0
393,F,1.5625,1.2125,0.4375,37.98833,17.08057375,9.015141,9.4970825,9.0
394,M,1.275,1.0,0.3375,20.0430965,7.92368525,4.55009475,7.12989925,9.0
395,I,1.2875,0.9875,0.3125,17.6617385,8.74582075,3.61456125,5.2446575,9.0
396,M,1.5,1.2,0.4375,34.5013415,17.73261225,7.35669525,9.63883,10.0
397,M,1.375,1.075,0.35,20.96445525,8.34892775,4.8477645,6.3786375,15.0
398,M,1.6125,1.3125,0.45,37.37881575,17.6050395,7.78193775,9.7805775,13.0
399,I,0.9,0.675,0.2125,5.20213325,2.211261,0.86465975,1.8427175,6.0
400,F,1.4375,1.0875,0.4125,24.777463,9.48290775,5.82582225,7.7961125,8.0
401,M,1.125,0.875,0.3125,15.3937785,5.71242425,3.33106625,5.386405,10.0
402,I,0.8125,0.625,0.2,4.80524025,2.1829115,1.06310625,1.70097,5.0
403,M,1.425,1.125,0.3375,23.700182,9.6104805,5.896696,5.5281525,9.0
404,M,1.55,1.2875,0.4125,35.42270025,17.08057375,8.68912175,9.39785925,10.0
405,F,1.6,1.2625,0.425,38.14425225,17.73261225,7.75358825,11.056305,12.0
406,M,1.4625,1.1625,0.425,31.19862475,10.546014,6.36446275,10.6310625,19.0
407,I,0.75,0.575,0.2,3.55786225,1.360776,0.75126175,1.14815475,7.0
408,I,0.8375,0.625,0.2,4.80524025,2.26796,0.737087,1.43164975,6.0
409,I,0.975,0.725,0.2375,9.19941275,4.32329875,1.6726205,2.26796,6.0
410,M,1.55,1.2125,0.425,36.3157095,16.82542825,8.49067525,9.7805775,11.0
411,M,1.2125,0.95,0.4125,21.6873675,7.35669525,4.5075705,7.2291225,9.0
412,I,1.05,0.8125,0.25,11.3398,4.66349275,1.80019325,2.9766975,8.0
413,M,1.3875,1.1,0.3625,28.8314415,14.5999925,5.6699,6.520385,10.0
414,I,1.125,0.825,0.2625,11.09882925,4.63514325,2.5231055,3.8271825,8.0
415,F,1.5375,1.2,0.4125,30.43318825,11.77921725,6.4353365,10.489315,16.0
416,I,0.8875,0.6,0.2125,4.9044635,1.7860185,1.077281,1.417475,6.0
417,F,1.3625,1.075,0.4,23.28911425,11.69416875,5.0178615,6.87475375,8.0
418,I,0.7125,0.525,0.175,2.83495,1.020582,0.52446575,0.9922325,5.0
419,M,1.5875,1.2375,0.475,45.99706375,17.67591325,9.3836845,12.8990225,14.0
420,F,1.6375,1.3125,0.425,39.2640575,17.70426275,8.66077225,11.4815475,11.0
421,M,1.6375,1.2875,0.4625,40.92250325,17.42076775,9.695529,12.6155275,17.0
422,F,1.525,1.125,0.425,29.653577,12.03436275,5.613201,10.489315,14.0
423,I,1.3125,1.0625,0.3625,22.2543575,9.05766525,5.03203625,6.6621325,9.0
424,F,1.675,1.3125,0.4375,47.89648025,20.36911575,12.48795475,10.02154825,10.0
425,I,0.7,0.525,0.1625,3.40194,1.17650425,0.52446575,1.1623295,7.0
426,F,1.5125,1.2,0.4375,33.849303,14.92601175,8.391452,9.07184,12.0
427,M,1.4,1.1,0.375,30.14969325,13.11164375,5.329706,7.7961125,10.0
428,M,0.9625,0.75,0.25,7.41339425,3.061746,1.51669825,1.984465,21.0
429,M,1.3,1.0125,0.3625,24.777463,7.55514175,6.8889285,7.37087,10.0
430,M,1.575,1.275,0.4375,36.27318525,16.25843825,6.577084,12.190285,12.0
431,F,1.8,1.4375,0.525,57.606184,20.581737,11.566596,17.27902025,11.0
432,I,0.6375,0.55,0.1875,3.24601775,1.6726205,0.80796075,0.7087375,6.0
433,M,1.625,1.275,0.4125,44.4803655,20.638436,10.81533425,10.3475675,13.0
434,F,1.45,1.15,0.4375,27.00289875,10.6877615,6.22271525,8.3631025,10.0
435,I,0.775,0.5625,0.1875,3.40194,1.17650425,0.97805775,1.13398,6.0
436,I,0.875,0.65,0.2125,5.5848515,2.0128145,0.97805775,1.70097,3.0
437,F,1.5125,1.1875,0.4125,30.1922175,12.417081,5.74077375,9.07184,11.0
438,M,1.2875,0.925,0.3125,15.74814725,7.04485075,3.64291075,4.1106775,9.0
439,M,1.2,0.95,0.3,17.02387475,7.10154975,4.025629,6.39281225,9.0
440,M,1.6125,1.2625,0.475,36.72677725,18.52639825,8.00873375,10.3475675,11.0
441,I,0.6375,0.4875,0.175,2.48058125,0.75126175,0.43941725,0.69456275,5.0
442,M,1.45,1.125,0.375,24.13959925,9.28446125,5.2446575,6.80388,9.0
443,F,1.3625,1.075,0.4125,23.530085,11.72251825,4.60679375,6.520385,8.0
444,F,1.5,1.2125,0.4375,33.5941575,11.8217415,7.3992195,11.623295,21.0
445,F,1.5875,1.2,0.4125,38.612019,18.5122235,7.41339425,9.59630575,10.0
446,M,1.55,1.2125,0.4375,38.90968875,20.73765925,7.427569,11.3398,13.0
447,M,1.4875,1.1625,0.4125,27.68328675,11.80756675,6.350288,8.788345,8.0
448,F,1.1625,0.9375,0.3125,16.68368075,7.087375,3.72795925,5.386405,8.0
449,M,1.525,1.2125,0.475,32.16250775,14.6566915,7.200773,8.9300925,9.0
450,I,1.3125,0.9875,0.3125,19.74542675,9.8372765,3.742134,5.386405,8.0
451,I,1.0125,0.7625,0.25,7.994559,3.1467945,1.6159215,2.26796,7.0
452,M,1.5,1.1875,0.3875,40.63900825,16.386011,8.391452,7.04485075,10.0
453,I,1.0,0.75,0.225,8.107957,3.69960975,2.041164,2.494756,10.0
454,M,1.5625,1.2,0.4875,34.6147395,11.9351395,7.4559185,9.2135875,13.0
455,I,0.5375,0.375,0.0,1.09145575,0.43941725,0.226796,0.35436875,4.0
456,M,1.475,1.1625,0.375,29.0582375,11.6516445,6.80388,8.788345,10.0
457,M,1.625,1.2375,0.4375,34.6147395,14.16057525,7.18659825,11.056305,16.0
458,I,0.725,0.525,0.2,3.55786225,1.587572,0.680388,0.850485,8.0
459,F,1.4625,1.0625,0.3625,26.83280175,13.19669225,6.5487345,7.087375,8.0
460,M,1.5375,1.1875,0.4625,34.8415355,13.4660125,6.293589,10.3475675,17.0
461,I,0.9625,0.75,0.25,7.44174375,3.44446425,1.927766,2.551455,7.0
462,F,1.55,1.2125,0.35,31.18445,14.35902175,6.4353365,8.34892775,9.0
463,M,1.325,1.05,0.375,24.664065,11.38232425,6.8889285,7.2291225,8.0
464,F,1.6,1.3,0.425,36.61337925,18.24290325,8.43397625,8.50485,9.0
465,I,1.3,1.1,0.35,26.26581175,10.6310625,4.86193925,8.3631025,21.0
466,M,1.4,1.125,0.375,24.79163775,12.54465375,4.89028875,6.23689,10.0
467,M,1.125,0.875,0.275,12.360382,4.9611625,2.96252275,3.96893,12.0
468,M,0.925,0.725,0.2375,6.33611325,2.31048425,1.48834875,2.26796,8.0
469,M,0.8375,0.6625,0.225,5.10291,2.721552,1.020582,1.417475,6.0
470,F,1.625,1.2875,0.3875,39.02308675,16.4710595,9.05766525,10.0640725,10.0
471,I,0.875,0.675,0.1875,5.31553125,2.19708625,0.86465975,1.8427175,5.0
472,M,1.7,1.3125,0.425,38.73959175,18.12950525,8.2497045,10.3475675,9.0
473,M,1.675,1.3,0.4125,38.03085425,18.5689225,7.427569,10.6310625,10.0
474,F,1.6625,1.3,0.45,49.54075125,19.6462035,9.8372765,14.74174,14.0
475,I,0.7375,0.55,0.1875,3.64291075,1.644271,1.3324265,1.417475,5.0
476,M,1.225,0.9375,0.3125,16.9813505,7.24329725,4.2240755,4.7910655,8.0
477,M,1.675,1.3125,0.5,44.9906565,17.2081465,11.396499,11.623295,25.0
478,M,1.5875,1.2,0.5125,37.98833,16.612807,9.128539,9.4970825,10.0
479,F,1.775,1.4125,0.5,53.6656035,26.705229,11.226402,12.6155275,11.0
480,F,1.1875,0.9375,0.3125,14.571643,5.40057975,3.231843,4.819415,10.0
481,F,1.5375,1.175,0.3875,29.41260625,11.793392,5.499803,8.40562675,13.0
482,I,0.875,0.6375,0.2,5.10291,2.2963095,1.1623295,1.70097,6.0
483,M,1.3,1.0625,0.3625,24.28134675,10.432616,4.8477645,7.93786,9.0
484,M,1.375,1.075,0.4125,24.30969625,8.34892775,5.93922025,7.7961125,10.0
485,F,1.6375,1.3125,0.475,48.20832475,17.463292,10.24834425,15.4504775,16.0
486,I,1.2125,0.9125,0.325,12.82814875,4.63514325,2.9766975,4.53592,7.0
487,M,1.475,1.1875,0.3875,28.33532525,12.47378,5.40057975,8.788345,9.0
488,I,1.2125,0.95,0.2625,15.025235,7.10154975,3.64291075,4.9611625,8.0
489,F,1.6,1.25,0.4125,41.00755175,19.674553,8.448151,10.64523725,12.0
490,I,1.275,1.0125,0.3125,17.61921425,8.561549,3.0333965,5.5281525,8.0
491,F,1.525,1.175,0.4125,29.256684,13.60776,6.747181,8.9300925,9.0
492,M,1.5125,1.2375,0.4375,31.808139,11.4248485,6.25106475,10.20582,10.0
493,F,1.325,1.0875,0.3375,19.43358225,8.334753,4.082328,7.2291225,10.0
494,M,1.5,1.2125,0.4875,31.51046925,13.79203175,7.654365,9.4970825,13.0
495,I,1.4375,1.125,0.35,20.76600875,9.68135425,4.26659975,6.23689,10.0
496,I,0.9375,0.6875,0.2,6.90310325,3.061746,1.37495075,1.984465,6.0
497,F,1.3,1.0,0.2875,18.767369,8.60407325,4.57844425,4.9611625,9.0
498,I,1.3875,1.0625,0.3625,21.38969775,9.695529,4.3374735,5.9250455,9.0
499,M,1.4,1.1,0.4125,25.51455,11.12717875,5.62737575,7.087375,9.0
500,F,1.425,1.1375,0.4375,31.581343,15.2803805,6.59125875,7.93786,10.0
501,I,1.325,1.05,0.325,20.0997955,9.922325,4.60679375,5.40057975,8.0
502,I,1.1875,0.925,0.35,17.70426275,8.6465975,4.09650275,5.5281525,9.0
503,M,1.2875,0.9875,0.3,16.6978555,7.92368525,3.33106625,4.9611625,8.0
504,M,1.5125,1.125,0.4375,23.88445375,10.36174225,4.9044635,6.39281225,9.0
505,I,0.9875,0.7125,0.2375,6.98815175,3.27436725,1.34660125,2.05533875,7.0
506,I,0.95,0.75,0.225,8.66077225,4.0539785,1.757669,2.4097075,6.0
507,F,1.3375,1.0375,0.35,27.34309275,9.87980075,4.7910655,8.9300925,14.0
508,I,0.8375,0.5875,0.2125,4.7910655,1.871067,0.97805775,1.70097,6.0
509,I,1.525,1.25,0.425,31.2127995,11.15552825,6.13766675,9.922325,13.0
510,F,1.4375,1.125,0.3875,25.4295015,10.149121,6.08096775,8.221355,11.0
511,I,0.625,0.4625,0.15,2.6932025,1.2757275,0.63786375,0.737087,5.0
512,F,1.6875,1.325,0.5,51.80871125,22.8213475,10.375917,13.324265,13.0
513,I,1.375,1.0375,0.3625,21.87163925,10.319218,4.592619,5.2446575,8.0
514,I,0.9625,0.7125,0.225,8.9867915,4.57844425,1.8994165,2.48058125,7.0
515,I,0.875,0.6625,0.2375,5.443104,2.2396105,1.587572,1.70097,7.0
516,I,1.2875,0.9625,0.325,18.030282,7.04485075,4.3941725,5.25883225,11.0
517,F,1.675,1.3,0.4625,42.2124055,19.1359125,9.28446125,12.0485375,11.0
518,M,1.45,1.15,0.35,23.48756075,13.02659525,4.12485225,6.6621325,9.0
519,F,1.4875,1.1625,0.375,29.199985,12.6155275,6.2085405,8.3631025,10.0
520,I,1.0375,0.8125,0.275,9.36950975,3.98310475,2.041164,2.9766975,8.0
521,I,1.4125,1.0875,0.4,21.829115,8.7599955,4.5075705,7.087375,8.0
522,F,1.8,1.375,0.5125,54.7428845,22.5378525,12.47378,16.44271,12.0
523,M,1.75,1.3375,0.4625,45.472598,19.391058,7.47009325,12.8990225,15.0
524,I,1.0875,0.8375,0.2625,10.41844125,4.592619,2.08368825,3.118445,7.0
525,F,1.5125,1.2125,0.4875,29.15746075,10.81533425,7.01650125,10.489315,13.0
526,I,1.1625,0.9,0.3125,13.097469,5.2446575,3.2034935,4.1106775,9.0
527,M,1.3125,1.0,0.325,18.5689225,8.63242275,4.26659975,5.2446575,9.0
528,M,1.5,1.2,0.4375,32.375129,13.097469,6.973977,9.07184,10.0
529,I,1.1125,0.8625,0.3,12.99824575,5.62737575,3.44446425,3.685435,6.0
530,F,1.4375,1.175,0.3875,27.76833525,15.422128,5.5281525,6.010094,8.0
531,I,1.0375,0.775,0.25,9.5537815,4.37999775,1.88524175,2.4664065,7.0
532,I,0.825,0.6375,0.225,5.783298,2.7499015,1.17650425,1.70097,6.0
533,M,1.4375,1.1375,0.35,25.92561775,11.0846545,6.10931725,6.6621325,9.0
534,M,1.5125,1.225,0.4375,29.993771,10.75863525,7.24329725,10.9145575,16.0
535,F,1.3125,1.0,0.3375,19.85882475,7.9662095,3.7137845,5.953395,10.0
536,I,0.9375,0.7125,0.2125,6.64795775,3.345241,1.2757275,1.8994165,7.0
537,F,1.425,1.1,0.3375,24.28134675,11.3398,4.86193925,5.57067675,12.0
538,I,1.375,1.0875,0.325,24.73493875,11.453198,5.45727875,6.23689,14.0
539,F,1.4875,1.15,0.35,23.45921125,11.736693,4.5642695,6.93145275,9.0
540,I,1.1875,0.9125,0.2875,14.8834875,6.76135575,3.061746,4.6776675,8.0
541,M,1.2125,0.95,0.3375,15.66309875,6.16601625,2.9199985,4.9611625,11.0
542,F,1.3125,1.0625,0.375,22.1976585,9.979024,4.4508715,6.23689,9.0
543,M,1.5875,1.2625,0.475,36.570855,14.92601175,7.29999625,11.056305,15.0
544,M,1.35,1.05,0.375,22.43862925,9.82310175,4.23825025,6.9456275,9.0
545,F,1.5625,1.2125,0.425,30.74503275,13.19669225,7.767763,8.221355,8.0
546,F,1.2125,0.925,0.35,18.24290325,7.257472,3.72795925,4.6776675,10.0
547,I,1.05,0.8125,0.25,10.27669375,4.26659975,1.80019325,2.9766975,7.0
548,I,1.2,0.9375,0.3625,15.43630275,6.7188315,3.061746,4.819415,8.0
549,I,1.0375,0.75,0.25,9.02931575,4.9044635,2.25378525,2.6932025,7.0
550,M,1.475,1.15,0.3625,25.86891875,11.113004,6.19436575,7.2291225,9.0
551,I,0.6875,0.55,0.2125,3.6003865,1.417475,0.680388,1.14815475,7.0
552,M,1.45,1.125,0.3875,28.64716975,13.08329425,6.25106475,7.93786,10.0
553,M,1.55,1.2125,0.4625,28.73221825,12.60135275,6.23689,9.922325,10.0
554,M,1.525,1.1875,0.4125,29.3417325,12.813974,7.55514175,8.3631025,11.0
555,F,1.2,0.9375,0.3375,17.2648455,7.6827145,2.721552,6.1518415,16.0
556,F,1.5125,1.2125,0.4375,30.94347925,14.16057525,6.90310325,9.355335,11.0
557,M,1.5,1.1875,0.4,31.51046925,13.777857,6.2652395,9.7805775,14.0
558,F,1.4125,1.1125,0.4125,24.1821235,11.8784405,5.17378375,6.6621325,8.0
559,M,1.5125,1.2375,0.4,32.998818,14.92601175,6.917278,10.0640725,11.0
560,M,1.45,1.125,0.3875,29.24250925,12.47378,6.973977,8.0796075,11.0
561,M,1.6125,1.25,0.4375,31.467945,14.35902175,7.04485075,10.20582,15.0
562,F,1.6,1.2875,0.4375,42.354153,17.78931125,8.37727725,10.77281,11.0
563,F,1.525,1.2125,0.35,28.8314415,15.52135125,5.57067675,7.5126175,9.0
564,M,1.25,0.9375,0.3125,16.40018575,6.64795775,3.27436725,4.7910655,10.0
565,I,0.525,0.375,0.1125,1.190679,0.4819415,0.38271825,0.4252425,4.0
566,I,0.875,0.675,0.2125,5.8116475,2.70737725,1.1056305,1.757669,7.0
567,M,1.6125,1.275,0.4375,37.32211675,14.04717725,7.49844275,11.623295,17.0
568,I,0.675,0.5,0.15,2.8066005,1.0489315,0.5953395,0.850485,6.0
569,I,1.1875,0.9625,0.3125,17.84601025,9.2135875,3.92640575,4.37999775,9.0
570,M,1.175,0.9375,0.275,14.47241975,6.123492,3.4869885,4.3941725,8.0
571,M,1.7375,1.425,0.5,53.14113775,26.0531905,11.52407175,14.21727425,12.0
572,F,1.7375,1.325,0.475,47.400364,20.00057225,10.2908685,13.60776,11.0
573,I,1.0875,0.8375,0.275,9.8372765,4.32329875,1.644271,2.83495,7.0
574,M,1.4875,1.15,0.425,32.10580875,14.86931275,7.597666,8.50485,8.0
575,M,1.4375,1.125,0.35,27.68328675,14.16057525,5.91087075,7.087375,8.0
576,F,1.25,0.9875,0.3375,16.68368075,7.92368525,3.72795925,4.66349275,11.0
577,M,1.35,1.05,0.3,20.41164,9.90815025,4.89028875,5.6699,9.0
578,F,1.6125,1.2,0.4375,32.24755625,15.32290475,7.01650125,8.788345,10.0
579,M,1.55,1.175,0.475,39.745999,14.401546,8.32057825,10.3475675,16.0
580,F,1.675,1.3125,0.4875,37.32211675,15.03940975,9.22776225,11.623295,11.0
581,I,0.8125,0.625,0.225,8.1930055,3.515338,1.11980525,1.984465,7.0
582,F,1.6125,1.275,0.4375,39.7743485,19.03668925,8.3064035,10.77281,10.0
583,M,1.575,1.275,0.475,39.7743485,16.3009625,8.5898985,11.90679,15.0
584,M,1.475,1.15,0.375,29.823674,11.5382465,6.010094,8.788345,8.0
585,M,0.7,0.575,0.1875,3.6003865,1.360776,0.850485,1.13398,5.0
586,F,1.7375,1.375,0.475,49.25725625,19.220961,8.37727725,14.9827108,12.0
587,M,1.0125,0.775,0.25,9.8939755,3.55786225,2.48058125,2.83495,9.0
588,F,1.3625,1.05,0.3375,20.638436,6.973977,5.40057975,7.087375,15.0
589,M,1.25,0.9375,0.3375,16.9246515,5.329706,4.195726,4.9611625,12.0
590,M,1.5,1.1875,0.4,25.41532675,9.99319875,5.20213325,8.0796075,13.0
591,I,0.8375,0.625,0.225,5.40057975,2.2963095,1.31825175,1.5025235,7.0
592,F,1.5,1.1875,0.3875,33.57998275,15.77649675,6.36446275,8.0796075,9.0
593,M,1.4375,1.1,0.3875,27.895908,13.4660125,5.6982495,7.10154975,11.0
594,M,1.55,1.225,0.4125,34.3879435,13.60776,7.484268,9.7805775,17.0
595,I,0.775,0.5625,0.1625,2.8066005,1.0489315,0.52446575,1.13398,5.0
596,M,1.4125,1.0125,0.35,21.659018,9.695529,4.309124,5.10291,10.0
597,I,0.6125,0.4375,0.1625,2.2396105,0.963883,0.396893,0.56699,5.0
598,I,1.2,0.95,0.3375,17.78931125,9.76640275,3.98310475,5.2446575,8.0
599,M,1.575,1.25,0.4125,34.8415355,15.1669825,8.221355,9.4970825,11.0
600,I,1.4875,1.1625,0.375,30.4190135,12.28950825,5.8683465,8.3631025,10.0
601,F,1.4875,1.15,0.4125,31.127751,14.72756525,6.22271525,8.9300925,9.0
602,M,1.475,1.1875,0.375,32.1199835,15.46465225,6.13766675,8.3631025,10.0
603,I,1.525,1.2125,0.45,36.117263,16.4143605,7.41339425,9.07184,8.0
604,I,1.2,0.95,0.3,13.154168,5.6699,2.4097075,4.3941725,7.0
605,I,1.425,1.125,0.4,24.36639525,10.149121,6.80388,7.654365,8.0
606,I,0.5,0.3625,0.1,1.077281,0.3118445,0.18427175,0.283495,5.0
607,F,1.4125,1.075,0.3125,24.22464775,12.587178,5.06038575,6.80388,8.0
608,I,0.975,0.725,0.25,7.95203475,3.7137845,2.097863,2.4097075,7.0
609,I,1.5125,1.225,0.375,32.16250775,14.968536,5.5281525,8.9300925,10.0
610,I,0.9625,0.7125,0.2,7.9095105,3.50116325,1.88524175,2.1262125,7.0
611,M,1.575,1.2125,0.375,34.60056475,17.81766075,7.81028725,9.19941275,9.0
612,F,1.6375,1.275,0.425,46.84754875,16.726205,9.53960675,16.0174675,19.0
613,I,1.0375,0.775,0.25,9.07184,3.41611475,1.7860185,2.6932025,8.0
614,I,1.5375,1.1875,0.4125,26.3933845,10.092422,6.95980225,7.93786,13.0
615,M,1.5625,1.25,0.3875,32.715323,14.628342,7.86698625,8.9300925,11.0
616,M,1.225,0.9625,0.325,17.19397175,6.64795775,4.89028875,5.5281525,9.0
617,I,0.4,0.275,0.0875,0.49611625,0.18427175,0.15592225,0.1417475,4.0
618,I,1.0375,0.8125,0.2375,9.19941275,4.195726,1.8994165,2.96252275,8.0
619,I,0.9,0.675,0.2125,6.50621025,2.50893075,1.31825175,1.984465,6.0
620,M,1.5625,1.2125,0.3875,30.03629525,12.3887315,5.8116475,9.355335,15.0
621,M,1.5,1.225,0.425,37.42134,17.9452335,8.77417025,9.7238785,9.0
622,F,1.5,1.1875,0.4125,29.5118295,13.87708025,5.499803,9.1001895,12.0
623,M,1.4,1.1,0.3875,25.41532675,10.24834425,5.17378375,6.7755305,10.0
624,M,1.3125,1.0,0.375,22.21183325,9.87980075,4.422522,6.0951425,12.0
625,I,0.5125,0.375,0.1,1.077281,0.46776675,0.18427175,0.35436875,6.0
626,I,1.175,0.925,0.3,13.267566,5.57067675,2.96252275,4.082328,9.0
627,I,1.4875,1.2125,0.3625,30.43318825,14.16057525,6.95980225,8.3631025,11.0
628,F,1.3,1.0375,0.3125,18.3988255,7.81028725,3.9405805,7.37087,12.0
629,I,1.025,0.75,0.25,8.32057825,3.912231,1.63009625,2.551455,7.0
630,I,1.15,0.875,0.3125,11.9351395,4.025629,2.93417325,4.1106775,14.0
631,M,1.45,1.15,0.3625,26.54930675,12.1619355,5.57067675,8.0796075,11.0
632,F,1.4125,1.1,0.4125,25.92561775,12.40290625,5.45727875,6.9456275,7.0
633,M,1.55,1.2625,0.4125,37.096681,17.10892325,7.98038425,9.07184,9.0
634,I,1.5625,1.225,0.375,27.895908,13.891255,5.6982495,7.484268,11.0
635,M,1.35,1.1125,0.3875,31.18445,11.793392,6.520385,8.0796075,12.0
636,F,1.4625,1.2125,0.4,34.79901125,15.081934,8.34892775,9.39785925,12.0
637,I,1.3375,1.025,0.3125,19.17843675,8.561549,4.479221,5.6699,8.0
638,I,0.525,0.375,0.1375,1.45999925,0.4819415,0.26932025,0.43941725,4.0
639,M,1.625,1.3625,0.475,47.3153155,21.24795025,9.015141,12.48795475,12.0
640,I,0.45,0.3125,0.1375,0.5953395,0.35436875,0.18427175,0.1984465,5.0
641,M,1.4625,1.1875,0.425,28.7180435,10.77281,6.13766675,8.20718025,11.0
642,F,1.4875,1.1625,0.375,31.19862475,11.94931425,5.953395,10.3475675,13.0
643,I,1.0875,0.825,0.275,12.360382,4.03980375,2.28213475,3.5436875,10.0
644,M,1.325,1.05,0.35,20.3265915,9.85145125,4.195726,5.25883225,8.0
645,M,1.6,1.25,0.3875,39.745999,19.20678625,8.334753,9.4970825,9.0
646,F,1.675,1.35,0.425,41.4753185,22.29688175,8.85921875,11.90679,10.0
647,M,1.325,1.0625,0.325,22.2543575,9.922325,5.23048275,6.9456275,8.0
648,M,1.3,0.95,0.3,18.597272,9.525432,4.06815325,4.819415,8.0
649,I,1.1,0.8875,0.3,12.984071,5.6699,2.8632995,3.8271825,9.0
650,I,1.0,0.7625,0.25,9.19941275,4.60679375,2.0128145,2.83495,6.0
651,F,1.5875,1.3125,0.4625,38.55532,18.83824275,8.4765005,9.07184,9.0
652,M,1.525,1.1875,0.3625,29.1149365,13.79203175,6.633783,7.484268,8.0
653,I,1.125,0.825,0.25,10.33339275,4.32329875,2.33883375,2.9766975,7.0
654,M,1.375,1.0625,0.3875,23.00561925,10.4609655,6.05261825,6.9456275,9.0
655,M,1.5,1.2125,0.3625,27.68328675,12.82814875,5.556502,7.12989925,10.0
656,F,1.15,0.925,0.3,15.12445825,6.6621325,3.6003865,3.8271825,8.0
657,M,1.3375,1.025,0.35,21.64484325,9.6671795,4.55009475,6.3786375,10.0
658,I,0.825,0.65,0.1875,5.783298,2.664853,1.43164975,1.984465,7.0
659,M,1.5125,1.2,0.4375,39.22153325,16.34348675,8.77417025,9.3269855,11.0
660,M,1.4375,1.1,0.4,31.014353,10.9712565,7.15824875,9.4970825,12.0
661,M,1.675,1.3625,0.45,41.00755175,18.83824275,8.15048125,11.1980525,10.0
662,I,1.1,0.8625,0.2625,11.793392,5.10291,2.0695135,3.8271825,8.0
663,F,1.0875,0.8625,0.275,10.77281,3.798833,2.82077525,3.798833,14.0
664,F,1.5125,1.175,0.425,33.29648775,14.18892475,7.7961125,8.9300925,12.0
665,M,1.55,1.2125,0.4125,31.808139,11.60912025,6.27941425,10.3475675,17.0
666,F,1.6,1.25,0.45,33.339012,13.6928085,6.6054335,11.056305,10.0
667,M,1.5,1.1625,0.4,31.62386725,10.16329575,7.10154975,9.63883,12.0
668,M,1.3375,1.075,0.35,18.86659225,7.72523875,3.5436875,5.386405,12.0
669,F,1.5,1.1625,0.3875,27.20134525,12.62970225,5.71242425,7.654365,9.0
670,I,0.675,0.5125,0.1625,3.64291075,1.1056305,0.793786,0.9922325,5.0
671,F,1.5375,1.175,0.3875,27.08794725,13.67863375,5.5281525,7.087375,9.0
672,M,1.475,1.2625,0.4125,30.6458095,10.81533425,7.15824875,10.77281,12.0
673,M,1.3,1.0,0.325,16.68368075,6.02426875,4.57844425,4.9611625,9.0
674,F,1.2,0.9625,0.2875,13.53688625,5.6699,2.96252275,4.819415,8.0
675,M,1.675,1.35,0.45,43.30386125,20.638436,11.15552825,13.60776,11.0
676,M,1.3875,1.1,0.3625,23.54425975,12.34620725,4.89028875,7.7961125,9.0
677,I,1.2125,0.9625,0.325,16.9813505,8.06543275,3.27436725,4.9611625,8.0
678,I,0.75,0.55,0.225,4.12485225,1.65844575,0.97805775,1.2757275,5.0
679,I,1.3375,1.05,0.3375,22.04173625,10.39009175,4.43669675,7.7961125,9.0
680,M,1.525,1.2,0.425,30.0221205,9.31281075,6.42116175,8.9867915,15.0
681,F,1.525,1.2375,0.475,37.7331845,15.01106025,8.8166945,11.056305,16.0
682,M,1.5875,1.2875,0.5625,38.85298975,17.519991,8.60407325,11.1980525,14.0
683,I,0.6,0.4375,0.2,1.99863975,0.94970825,0.38271825,0.56699,5.0
684,I,1.175,0.8875,0.2875,12.5021295,4.7343665,2.33883375,3.96893,8.0
685,M,1.475,1.15,0.4875,30.277266,10.8578585,6.30776375,10.77281,12.0
686,I,1.1875,0.8875,0.2625,13.154168,6.7755305,2.36718325,3.84135725,6.0
687,M,1.65,1.3125,0.4625,48.94541175,17.08057375,9.2702865,17.57669,18.0
688,I,1.15,0.8875,0.275,12.757275,5.4147545,2.50893075,3.8271825,8.0
689,M,1.2875,1.0125,0.3125,21.772416,8.94426725,4.89028875,5.953395,8.0
690,F,1.5125,1.25,0.3875,30.83008125,12.79979925,6.36446275,8.9300925,11.0
691,M,1.525,1.25,0.375,32.2333815,13.5227115,8.00873375,8.9300925,10.0
692,M,1.525,1.175,0.375,29.27085875,12.23280925,6.16601625,8.3631025,9.0
693,F,1.6375,1.2625,0.4375,40.86580425,14.18892475,9.68135425,14.8834875,11.0
694,I,1.1125,0.825,0.2875,10.64523725,4.706017,2.84912475,3.40194,7.0
695,I,0.95,0.725,0.2125,7.994559,3.18931875,1.587572,2.26796,6.0
696,I,1.15,0.9125,0.2875,15.37960375,9.62465525,3.345241,3.572037,7.0
697,M,1.525,1.225,0.4375,31.9498865,13.437663,7.3992195,9.07184,11.0
698,I,0.75,0.55,0.1875,3.30271675,1.474174,0.72291225,0.9922325,7.0
699,M,1.3125,0.9625,0.3625,17.78931125,8.0796075,3.5436875,4.9611625,9.0
700,F,1.45,1.125,0.425,22.75047375,10.7444605,4.60679375,7.29999625,10.0
701,M,1.2875,1.0,0.325,21.9708625,8.561549,5.2446575,7.2291225,19.0
702,F,1.6125,1.25,0.4,34.529691,15.365429,7.2858215,9.7805775,9.0
703,M,1.475,1.175,0.4,27.9242575,12.48795475,5.8683465,7.5126175,13.0
704,M,1.4875,1.1875,0.3875,30.730858,13.08329425,6.59125875,8.60407325,10.0
705,I,0.9375,0.7,0.225,8.50485,3.515338,1.63009625,2.39553275,6.0
706,F,1.15,0.875,0.3125,14.798439,5.99591925,3.7137845,4.3941725,9.0
707,I,1.3,1.025,0.3,19.17843675,9.07184,4.57844425,5.896696,7.0
708,M,1.25,0.975,0.3625,18.653971,7.66853975,4.819415,6.36446275,10.0
709,F,1.325,1.0875,0.425,24.93338525,8.00873375,5.1879585,8.221355,9.0
710,F,1.2,0.9375,0.3,15.74814725,7.087375,3.515338,4.819415,12.0
711,I,1.2625,1.0,0.3125,17.95940825,8.4765005,3.3735905,4.365823,8.0
712,F,1.1875,0.9375,0.325,16.42853525,7.83863675,3.40194,4.819415,8.0
713,F,1.4375,1.125,0.425,25.51455,9.979024,5.556502,7.2291225,10.0
714,I,0.775,0.5625,0.1875,4.3941725,1.8427175,1.03475675,1.03475675,6.0
715,F,1.45,1.0875,0.375,23.09066775,10.21999475,5.3580555,6.5487345,11.0
716,I,1.0125,0.75,0.2875,8.901743,4.66349275,1.871067,2.4664065,8.0
717,I,1.15,0.875,0.275,12.54465375,5.6699,3.35941575,3.5436875,7.0
718,M,1.425,1.1,0.35,24.76328825,11.8784405,5.159609,6.80388,13.0
719,I,1.2,0.9375,0.3125,15.77649675,6.860579,3.89805625,5.2446575,9.0
720,F,1.4125,1.125,0.3625,25.86891875,12.927372,5.40057975,7.1724235,9.0
721,I,1.2625,0.875,0.3,13.0691195,5.1312595,2.8632995,4.252425,8.0
722,M,1.55,1.2375,0.45,32.488527,13.48018725,8.674947,10.3475675,11.0
723,M,1.6,1.225,0.3875,32.4601775,14.2030995,5.1879585,8.788345,10.0
724,F,1.675,1.275,0.4375,35.6920205,15.4504775,8.4765005,10.0640725,11.0
725,F,1.4375,1.0625,0.375,24.79163775,12.813974,5.68407475,6.520385,9.0
726,F,1.55,1.275,0.3875,38.76794125,16.839603,7.314171,10.489315,10.0
727,F,1.1125,0.8375,0.3125,11.8217415,5.329706,2.4664065,3.685435,12.0
728,M,1.5625,1.3,0.4375,47.95317925,21.72989175,9.31281075,11.01378075,10.0
729,F,1.425,1.1125,0.375,24.76328825,11.9351395,6.90310325,5.953395,9.0
730,I,0.825,0.5875,0.175,4.309124,1.85689225,0.72291225,1.2757275,5.0
731,M,1.4375,1.0625,0.325,24.040376,9.355335,5.25883225,6.7188315,9.0
732,M,1.25,0.9875,0.3375,17.36406875,9.48290775,3.72795925,4.23825025,7.0
733,M,1.6125,1.275,0.3875,36.61337925,16.612807,8.3064035,10.0640725,12.0
734,F,1.525,1.2375,0.475,37.194544,15.03940975,7.540967,11.623295,13.0
735,M,1.5875,1.25,0.4125,37.32211675,14.5432935,7.41339425,11.056305,15.0
736,I,0.4375,0.3,0.0625,0.5953395,0.21262125,0.1417475,0.21262125,5.0
737,M,1.575,1.25,0.425,33.622507,11.3398,8.2497045,10.0640725,14.0
738,F,1.2125,0.8875,0.3,14.55746825,6.05261825,3.6003865,3.8271825,8.0
739,M,1.425,1.15,0.4375,26.43590875,10.77281,7.2858215,7.7961125,10.0
740,F,1.4625,1.15,0.3625,28.519597,11.3398,5.79747275,8.0796075,13.0
741,I,1.2375,0.9875,0.3125,15.5071765,6.05261825,4.06815325,4.819415,9.0
742,I,0.925,0.675,0.225,6.2085405,2.721552,1.14815475,1.984465,6.0
743,F,1.6875,1.325,0.425,43.48172575,17.519991,9.34116025,13.48018725,11.0
744,I,0.875,0.6625,0.1875,5.1312595,2.14038725,1.2757275,1.70097,6.0
745,F,1.2,0.95,0.3125,15.66309875,6.16601625,3.04757125,4.9611625,13.0
746,F,1.6,1.2875,0.4125,38.90968875,17.179797,8.29222875,10.44679075,10.0
747,F,1.5625,1.225,0.4,29.8520235,10.432616,6.4920355,9.07184,11.0
748,I,1.4125,1.0625,0.3625,23.00561925,10.2908685,5.783298,7.087375,10.0
749,F,1.5,1.1375,0.4,27.8108595,11.736693,6.4353365,8.6465975,10.0
750,I,0.925,0.7,0.2375,7.55514175,3.2601925,1.77184375,2.4097075,6.0
751,I,0.9375,0.725,0.275,6.08096775,2.721552,1.31825175,2.26796,6.0
752,I,0.9375,0.6875,0.2,6.80388,3.30271675,1.54504775,1.8427175,6.0
753,M,1.425,1.0875,0.3875,25.33027825,12.3320325,5.556502,8.15048125,10.0
754,F,1.6,1.175,0.4125,33.3106625,16.612807,6.76135575,8.788345,9.0
755,I,1.2125,0.8875,0.3,11.72251825,4.4508715,2.14038725,3.8271825,9.0
756,F,1.525,1.2375,0.4125,34.37376875,15.29455525,6.98815175,9.8372765,12.0
757,F,1.5875,1.225,0.3875,31.808139,12.587178,7.3425205,8.0796075,11.0
758,M,1.3375,1.025,0.3,19.901349,9.39785925,3.9405805,4.649318,10.0
759,I,1.1625,0.95,0.325,14.7133905,5.82582225,3.86970675,4.819415,8.0
760,I,1.125,0.875,0.3125,13.96212875,5.953395,3.04757125,4.1106775,10.0
761,I,1.45,1.1375,0.3625,22.41027975,10.98543125,4.46504625,6.6621325,11.0
762,M,1.5,1.175,0.375,34.6147395,15.1102835,8.4198015,7.7961125,10.0
763,I,0.8125,0.5625,0.1875,4.309124,2.16873675,0.86465975,1.26155275,6.0
764,M,1.3875,1.0875,0.3625,23.700182,11.01378075,4.592619,6.520385,11.0
765,F,1.45,1.1125,0.4,30.220567,11.8217415,6.1518415,8.3631025,11.0
766,F,1.6125,1.275,0.4125,33.46658475,16.0174675,6.7755305,9.07184,9.0
767,F,1.625,1.2625,0.425,35.02580725,14.69921575,7.767763,10.0640725,13.0
768,F,1.4375,1.1375,0.4125,29.21415975,12.34620725,6.1518415,9.2135875,9.0
769,I,1.0375,0.8125,0.2625,10.149121,4.9611625,2.097863,3.40194,9.0
770,I,0.925,0.6875,0.25,6.0384435,2.62232875,1.1623295,1.984465,7.0
771,F,1.375,1.0625,0.325,24.84833675,8.7032965,5.59902625,6.3786375,12.0
772,M,1.5,1.1875,0.4125,27.20134525,10.602713,5.386405,8.0796075,14.0
773,I,0.9375,0.6875,0.225,6.30776375,2.65067825,1.48834875,2.1262125,7.0
774,M,1.6,1.275,0.5625,41.4753185,18.9091165,8.88756825,11.66581925,12.0
775,M,1.175,0.9375,0.3375,15.66309875,6.02426875,3.47281375,5.953395,8.0
776,M,1.4,1.1,0.4125,25.51455,11.679994,4.819415,7.087375,14.0
777,F,1.5,1.175,0.375,27.9242575,11.75086775,6.2652395,8.50485,9.0
778,I,1.0125,0.8,0.25,10.319218,4.97533725,2.2963095,3.40194,9.0
779,I,1.1,0.8125,0.25,9.525432,4.03980375,2.33883375,2.551455,6.0
780,I,0.4875,0.375,0.125,0.56699,0.18427175,0.2551455,0.1417475,3.0
781,F,1.4875,1.1625,0.45,31.90736225,16.4710595,6.406987,6.80388,10.0
782,M,1.2875,1.05,0.3625,20.1564945,7.8528115,4.422522,5.17378375,10.0
783,M,1.45,1.1375,0.3625,23.51591025,8.561549,4.592619,7.5126175,12.0
784,I,1.325,1.0625,0.325,21.999212,8.4198015,4.57844425,5.10291,11.0
785,F,1.1375,0.9,0.35,13.90542975,5.14543425,3.175144,3.81300775,10.0
786,I,0.875,0.65,0.2,5.79747275,2.19708625,0.86465975,1.85689225,9.0
787,M,1.3125,1.0625,0.3625,23.79940525,10.58853825,4.89028875,7.2291225,13.0
788,M,1.4375,1.1875,0.4125,27.725811,10.50348975,5.726599,9.922325,16.0
789,I,1.3,1.0125,0.325,18.7957185,8.0796075,4.12485225,5.8116475,8.0
790,M,1.1875,0.95,0.3125,14.968536,7.087375,2.4097075,4.1106775,6.0
791,I,1.4,1.0625,0.3625,20.14231975,7.8528115,4.77689075,6.520385,12.0
792,F,1.7375,1.35,0.5125,49.32813,20.53921275,10.11164375,14.17475,12.0
793,M,1.5125,1.175,0.45,32.205032,14.92601175,6.84640425,8.788345,12.0
794,M,1.3625,1.05,0.4625,22.5945515,8.334753,4.8477645,10.3475675,14.0
795,M,1.5625,1.2,0.375,34.77066175,18.9091165,6.0951425,10.0640725,8.0
796,M,1.325,1.0375,0.35,22.01338675,9.6104805,4.01145425,6.520385,9.0
797,F,1.625,1.275,0.5,38.9805625,17.860185,8.88756825,10.035723,12.0
798,M,1.3,1.05,0.3375,21.829115,7.7961125,5.40057975,7.2291225,14.0
799,I,1.125,0.825,0.2625,9.19941275,3.98310475,1.7293195,2.6932025,8.0
800,I,0.975,0.6875,0.2,9.51125725,4.0539785,1.417475,2.2963095,6.0
801,M,1.575,1.275,0.4,34.3879435,15.26620575,7.98038425,9.7805775,10.0
802,F,1.8,1.4125,0.575,51.2275465,23.6151335,11.5949455,18.71067,11.0
803,I,1.2375,0.95,0.275,14.55746825,6.917278,3.3735905,4.53592,8.0
804,F,1.5375,1.2875,0.475,32.4601775,13.48018725,6.22271525,12.0485375,13.0
805,I,1.3,0.975,0.275,16.0741665,6.13766675,3.30271675,4.53592,9.0
806,M,1.4125,1.1,0.35,25.174356,11.736693,5.93922025,7.04485075,9.0
807,M,0.875,0.6625,0.2125,6.30776375,2.67902775,1.06310625,1.70097,7.0
808,I,0.975,0.725,0.25,7.087375,3.13261975,1.6726205,2.4097075,7.0
809,M,1.425,1.175,0.375,29.21415975,13.05494475,7.0023265,5.499803,10.0
810,I,1.0625,0.775,0.2375,9.93649975,4.422522,1.31825175,2.9766975,7.0
811,I,1.0375,0.775,0.225,8.66077225,3.84135725,2.08368825,2.4097075,7.0
812,M,1.525,1.2,0.4125,28.7180435,12.06271225,5.91087075,8.3631025,13.0
813,F,1.2125,0.9375,0.3125,15.09610875,6.73300625,3.01922175,4.819415,8.0
814,M,1.65,1.3,0.475,45.472598,16.85377775,10.77281,12.6155275,14.0
815,M,1.675,1.325,0.4625,38.82464025,17.93105875,7.47009325,11.66581925,10.0
816,I,1.3125,0.975,0.3,17.4349425,8.50485,3.98310475,4.9611625,7.0
817,M,1.6125,1.225,0.3625,32.2333815,14.92601175,6.406987,9.39785925,8.0
818,I,1.075,0.8125,0.25,10.0073735,4.97533725,2.041164,2.9766975,7.0
819,M,1.175,0.9125,0.3625,14.35902175,6.860579,2.551455,5.386405,11.0
820,I,0.9125,0.675,0.225,6.30776375,2.36718325,1.63009625,2.1262125,7.0
821,F,1.475,1.1125,0.3625,24.73493875,10.61688775,5.896696,7.654365,10.0
822,F,1.525,1.175,0.3875,30.220567,11.3398,7.7961125,8.788345,15.0
823,I,1.175,0.9,0.35,14.13222575,5.96756975,2.9766975,4.9611625,8.0
824,I,1.3125,1.0,0.3625,21.55979475,10.6877615,4.43669675,5.046211,8.0
825,F,1.3,1.0125,0.375,27.54153925,9.8372765,5.03203625,8.0796075,13.0
826,I,1.3375,1.0,0.325,20.3265915,9.19941275,4.86193925,5.2446575,9.0
827,I,0.9375,0.7,0.225,7.55514175,3.13261975,1.74349425,1.91359125,7.0
828,F,1.5875,1.2875,0.4125,35.5786225,16.0174675,7.07320025,9.07184,11.0
829,I,0.925,0.7125,0.225,6.73300625,3.18931875,1.1623295,1.984465,7.0
830,F,1.6375,1.2625,0.4,37.03862175,17.4349425,7.257472,9.4970825,9.0
831,M,1.4625,1.125,0.4,28.3495,13.56523575,6.010094,7.37087,10.0
832,M,1.3125,1.0,0.2875,16.40018575,6.2085405,4.2240755,5.5281525,9.0
833,I,1.3,1.0,0.35,19.5328055,7.04485075,4.97533725,5.2446575,10.0
834,F,1.1125,0.9,0.3125,13.53688625,5.10291,2.14038725,4.9611625,10.0
835,M,1.55,1.2125,0.35,34.6147395,13.22504175,7.24329725,8.37727725,14.0
836,I,1.225,0.975,0.325,17.61921425,8.29222875,3.27436725,5.5281525,8.0
837,F,1.6125,1.25,0.3875,32.98464325,14.35902175,6.2085405,9.7238785,9.0
838,F,1.125,0.8875,0.425,11.1413535,4.72019175,2.67902775,3.8271825,8.0
839,I,0.4875,0.325,0.1375,0.9922325,0.41106775,0.226796,0.283495,5.0
840,F,1.65,1.325,0.425,40.78075575,18.58309725,8.09378225,10.0640725,9.0
841,I,1.0625,0.8,0.2875,10.3475675,4.9044635,1.814368,2.9766975,8.0
842,M,1.6125,1.275,0.475,38.8104655,18.2287285,8.66077225,10.20582,11.0
843,M,1.6,1.275,0.425,38.20095125,14.84096325,7.27164675,11.056305,10.0
844,F,1.6,1.2875,0.4125,41.7588135,16.93882625,8.97261675,11.623295,11.0
845,I,1.325,1.05,0.35,21.64484325,9.8372765,4.082328,5.839997,8.0
846,I,1.3125,1.0,0.3,17.4349425,7.66853975,3.67126025,4.819415,9.0
847,M,1.575,1.2,0.425,33.40988575,13.891255,5.046211,9.8939755,11.0
848,F,1.325,1.025,0.3125,18.46969925,6.520385,4.55009475,5.2446575,8.0
849,F,1.6125,1.275,0.475,39.87357175,19.03668925,7.01650125,8.788345,9.0
850,I,0.9375,0.7,0.2125,8.7599955,3.47281375,1.8994165,2.05533875,7.0
851,F,1.6375,1.2,0.4,32.998818,14.35902175,7.3425205,8.50485,10.0
852,I,1.3125,1.0375,0.3375,18.6256215,8.2497045,4.706017,4.9611625,10.0
853,F,1.5,1.1875,0.4,29.9087225,11.35397475,6.64795775,9.2135875,12.0
854,F,1.55,1.2,0.375,30.8159065,15.592225,6.2652395,7.654365,9.0
855,I,0.7875,0.6125,0.175,4.23825025,1.71514475,0.92135875,1.2757275,7.0
856,I,1.4375,1.1875,0.4625,29.7386255,11.0846545,6.95980225,9.2135875,20.0
857,I,1.4625,1.05,0.3125,21.64484325,9.87980075,4.57844425,5.03203625,9.0
858,F,1.4375,1.1,0.375,24.73493875,10.98543125,5.85417175,7.087375,10.0
859,F,1.35,1.0625,0.325,23.530085,10.70193625,4.89028875,6.23689,10.0
860,M,1.475,1.15,0.3625,22.41027975,8.34892775,5.06038575,6.9456275,9.0
861,I,1.1875,0.8875,0.3125,13.8062065,5.68407475,2.8066005,4.3941725,8.0
862,I,1.3875,1.0625,0.3875,24.22464775,12.587178,4.55009475,7.087375,10.0
863,M,0.85,0.6125,0.2,4.422522,1.91359125,0.97805775,1.360776,7.0
864,F,0.8875,0.65,0.225,6.0023265,2.2396105,1.00640725,2.1262125,13.0
865,F,1.6,1.2625,0.4,32.44600275,14.35902175,7.7394135,8.6465975,9.0
866,I,0.4,0.3,0.0875,0.5953395,0.21262125,0.12757275,0.1417475,4.0
867,F,1.575,1.225,0.4125,33.6508565,18.27125275,7.66853975,8.674947,9.0
868,F,1.425,1.175,0.3875,24.6357155,8.0796075,6.520385,8.0796075,12.0
869,M,0.9125,0.675,0.175,3.67126025,1.247378,0.77961125,0.850485,5.0
870,M,1.25,1.0,0.2875,19.447757,6.30776375,3.8271825,5.2446575,14.0
871,I,1.0125,0.75,0.2625,8.958442,4.40834725,1.68679525,2.551455,5.0
872,F,1.4125,1.2,0.425,26.2232875,11.75086775,5.1312595,7.7961125,13.0
873,M,1.375,1.1,0.3875,24.777463,12.34620725,5.8116475,6.80388,9.0
874,F,1.575,1.2375,0.45,34.302895,14.92601175,7.78193775,9.7805775,11.0
875,I,1.7875,1.4125,0.5,56.9541455,25.24522975,11.5382465,16.5844575,14.0
876,M,1.325,1.05,0.3375,22.07008575,10.19164525,5.42892925,5.2446575,9.0
877,F,1.275,0.9875,0.3125,16.23008875,8.43397625,3.515338,4.9611625,10.0
878,I,1.1625,0.9375,0.2875,13.48018725,5.71242425,2.96252275,4.53592,8.0
879,M,1.675,1.2875,0.3875,43.1762885,15.77649675,10.19164525,11.7650425,12.0
880,I,1.15,0.875,0.2875,13.90542975,5.45727875,2.9199985,3.685435,8.0
881,M,1.3375,1.025,0.3625,20.87940675,8.334753,5.3013565,6.3786375,11.0
882,F,1.75,1.3125,0.475,49.384829,20.34076625,9.9506745,16.8679525,15.0
883,I,1.4125,1.075,0.35,24.50814275,12.8990225,4.83358975,6.9456275,10.0
884,F,1.625,1.25,0.4125,39.2640575,15.932419,8.77417025,10.489315,12.0
885,F,1.5875,1.2625,0.4875,36.003865,18.427175,8.34892775,9.4970825,11.0
886,F,1.15,0.875,0.3375,15.49300175,5.82582225,2.96252275,6.0951425,19.0
887,M,1.6125,1.2875,0.4625,36.230661,14.69921575,9.79475225,11.623295,13.0
888,I,0.825,0.5875,0.2125,4.6209685,1.88524175,0.963883,1.2757275,8.0
889,I,0.825,0.6375,0.225,5.25883225,2.1829115,1.1623295,1.70097,6.0
890,F,1.2,0.95,0.3375,14.118051,5.54232725,3.9405805,4.3941725,10.0
891,I,1.3125,1.0125,0.3,18.1153305,8.1930055,3.7704835,5.386405,7.0
892,F,1.2875,0.975,0.3125,17.46193175,7.9095105,3.24601775,5.5281525,10.0
893,F,1.55,1.2375,0.3875,34.06192425,17.463292,6.5487345,9.5537815,11.0
894,M,1.775,1.375,0.5125,58.6551155,30.46153775,13.96212875,14.74174,9.0
895,M,1.45,1.1125,0.3875,23.6718325,11.8784405,5.6699,6.520385,9.0
896,M,1.575,1.225,0.3875,34.5013415,15.03940975,7.75358825,9.355335,11.0
897,M,1.125,0.875,0.35,13.39513875,5.00368675,2.93417325,4.252425,8.0
898,F,1.3875,1.125,0.35,23.57260925,9.85145125,6.3786375,6.80388,13.0
899,M,0.8625,0.6375,0.1875,5.42892925,1.74349425,1.0489315,1.37495075,6.0
900,F,1.575,1.2125,0.4375,43.318036,13.79203175,10.56018875,11.90679,16.0
901,M,1.2375,1.0,0.35,18.72484475,8.68912175,3.9405805,6.23689,8.0
902,I,1.15,0.875,0.35,13.04077,5.74077375,2.48058125,4.1106775,8.0
903,I,1.1625,0.9,0.2625,13.154168,6.2652395,2.45223175,3.96893,8.0
904,F,1.575,1.175,0.4,32.2900805,15.762322,6.56290925,8.3631025,8.0
905,I,0.875,0.6375,0.2125,5.5848515,2.42388225,1.2190285,1.70097,6.0
906,I,1.0125,0.7875,0.225,9.19941275,4.40834725,1.60174675,2.6932025,7.0
907,F,1.675,1.275,0.4375,39.179009,19.4761065,8.57572375,9.7805775,10.0
908,F,1.6375,1.325,0.4375,44.74968575,19.6462035,10.87203325,11.623295,11.0
909,I,1.4,1.0625,0.3375,24.59319125,12.28950825,5.0745605,7.6827145,8.0
910,M,1.4125,1.175,0.3875,25.7696955,9.48290775,5.06038575,8.221355,12.0
911,M,1.625,1.2375,0.4125,37.9032815,17.4349425,8.88756825,9.4970825,11.0
912,F,1.4375,1.1375,0.3375,28.066005,12.3320325,5.57067675,8.221355,8.0
913,I,0.7,0.525,0.1875,3.04757125,1.2757275,0.77961125,0.9922325,5.0
914,F,1.1625,0.9125,0.3375,21.87163925,9.76640275,5.08873525,5.386405,9.0
915,I,0.8,0.5875,0.2,4.082328,1.871067,0.850485,1.70097,5.0
916,F,1.4625,1.175,0.4125,25.0326085,11.736693,5.10291,7.37087,11.0
917,F,1.1875,0.875,0.375,13.154168,5.37223025,3.061746,4.32329875,13.0
918,F,1.45,1.1,0.3875,26.3933845,13.4660125,4.025629,6.3786375,9.0
919,I,0.7875,0.5875,0.1625,3.798833,1.474174,0.680388,0.9922325,6.0
920,M,1.6125,1.3125,0.475,42.9700745,20.14231975,10.44679075,11.623295,11.0
921,M,1.0625,0.7875,0.3,11.38232425,4.74854125,2.438057,3.21766825,7.0
922,M,1.15,0.8875,0.275,13.2392165,6.10931725,2.9766975,3.96893,8.0
923,M,1.6125,1.2875,0.4,38.51279575,18.5122235,8.63242275,9.355335,11.0
924,F,1.8,1.4125,0.5125,57.039194,21.262125,12.06271225,18.8524175,13.0
925,F,1.4125,1.1375,0.3875,27.499015,13.93377925,4.422522,7.484268,9.0
926,I,1.4125,1.1,0.375,22.4244545,10.6310625,4.5075705,5.20213325,9.0
927,M,1.2875,1.0,0.325,20.0430965,7.69688925,4.479221,5.896696,11.0
928,F,1.7375,1.3,0.4875,50.6605565,24.7491135,10.24834425,12.757275,12.0
929,I,1.25,0.9625,0.2875,16.40018575,6.36446275,3.75630875,3.9972795,8.0
930,M,1.3875,1.1,0.4,24.4656185,8.3064035,4.5075705,8.0796075,10.0
931,I,0.525,0.375,0.1375,1.31825175,0.5386405,0.4252425,0.4819415,7.0
932,M,1.15,0.9375,0.325,15.6205745,6.36446275,3.27436725,4.252425,9.0
933,F,1.1,0.875,0.275,12.927372,4.63514325,2.5231055,3.40194,11.0
934,I,1.1375,0.8375,0.275,11.6516445,5.74077375,2.42388225,3.40194,8.0
935,M,1.3625,1.05,0.3375,23.91280325,11.35397475,4.082328,6.520385,9.0
936,I,0.9375,0.725,0.25,7.95203475,3.18931875,1.60174675,2.4097075,6.0
937,F,1.6375,1.2625,0.4375,35.4652245,15.989118,6.4353365,11.056305,11.0
938,M,1.225,0.95,0.375,16.40018575,6.13766675,3.9405805,5.6699,9.0
939,F,1.65,1.3125,0.4375,39.2640575,20.2698925,9.015141,11.4248485,9.0
940,I,1.325,1.0625,0.3375,22.92057075,10.47514025,4.706017,6.0951425,8.0
941,M,1.5125,1.1625,0.4,34.37376875,18.5122235,7.10154975,7.93786,9.0
942,M,1.725,1.3,0.5,44.09764725,18.69649525,11.226402,13.60776,11.0
943,M,1.2125,0.975,0.3125,15.71979775,7.824462,3.64291075,4.762716,8.0
944,F,1.425,1.05,0.35,24.76328825,11.07047975,5.953395,6.80388,10.0
945,M,1.8125,1.375,0.45,52.673371,24.79163775,12.076887,11.12717875,10.0
946,I,0.575,0.4375,0.0,1.77184375,0.737087,0.510291,0.56699,5.0
947,F,1.425,1.0875,0.3,23.91280325,11.49572225,5.159609,6.6621325,8.0
948,M,1.2375,1.0,0.3,18.0019325,9.355335,3.92640575,4.55009475,11.0
949,I,1.125,0.8625,0.3,11.49572225,4.706017,2.65067825,3.8271825,8.0
950,M,1.4625,1.0875,0.3875,29.10076175,12.00601325,6.123492,8.09378225,9.0
951,F,1.4875,1.075,0.3875,26.2232875,11.26892625,5.556502,8.3631025,10.0
952,M,1.2,0.9375,0.3125,15.762322,6.76135575,3.27436725,4.819415,9.0
953,F,1.75,1.375,0.475,44.111822,20.0430965,11.15552825,12.47378,15.0
954,F,1.7625,1.375,0.55,53.6089045,25.3161035,13.8062065,16.08834125,10.0
955,F,1.8,1.4375,0.5375,55.46579675,15.025235,11.90679,16.5844575,20.0
956,M,1.4875,1.125,0.375,27.0170735,12.6155275,4.63514325,7.52679225,10.0
957,M,1.8375,1.4125,0.4875,49.32813,20.97863,10.1207715,15.7339725,13.0
958,M,1.55,1.2,0.375,34.06192425,16.5844575,6.47786075,8.9300925,10.0
959,F,1.3,1.0125,0.325,18.86659225,8.0796075,4.8477645,5.6699,11.0
960,M,1.325,1.0625,0.35,21.8007655,8.91591775,5.23048275,7.2291225,11.0
961,I,1.0875,0.8125,0.2625,10.39009175,4.422522,2.26796,3.118445,9.0
962,F,1.75,1.4375,0.5125,44.4803655,18.9091165,10.75863525,13.04077,10.0
963,M,1.4125,1.15,0.4375,29.15746075,13.11164375,5.74077375,9.4970825,19.0
964,F,1.4125,1.1,0.4375,29.540179,12.8423235,5.74077375,9.128539,10.0
965,F,1.275,0.9875,0.3375,15.66309875,6.7755305,3.81300775,4.6776675,8.0
966,I,1.1625,0.9125,0.3,12.54465375,5.443104,2.31048425,3.92640575,7.0
967,M,1.65,1.2375,0.4125,41.39027,19.731252,7.47009325,11.46737275,11.0
968,M,1.525,1.2125,0.4,29.1149365,10.942907,6.90310325,8.50485,18.0
969,F,1.575,1.2875,0.4375,38.71124225,18.824068,8.29222875,10.3475675,9.0
970,F,1.6375,1.3,0.525,48.477645,14.004653,9.4970825,15.87572,18.0
971,I,1.175,0.9125,0.3,14.10387625,6.73300625,2.8066005,3.96893,8.0
972,M,1.65,1.2625,0.5,40.24211525,17.0097,8.83086925,11.49572225,14.0
973,F,1.475,1.1625,0.4125,31.56716825,15.989118,6.98815175,7.767763,9.0
974,F,1.45,1.1,0.375,26.0531905,12.7289255,5.1312595,6.80388,12.0
975,I,0.9375,0.7125,0.225,7.9095105,3.55786225,1.45999925,1.984465,7.0
976,F,1.65,1.25,0.45,36.58502975,13.99047825,8.2497045,11.3398,12.0
977,F,1.6125,1.25,0.4125,37.0527965,17.3215445,8.5331995,8.6465975,11.0
978,I,1.2,0.975,0.35,17.7184375,8.6465975,3.75630875,5.0178615,8.0
979,F,1.3375,1.05,0.3875,20.0997955,7.69688925,4.7910655,5.783298,14.0
980,M,1.4125,1.075,0.3625,25.060958,9.87980075,5.40057975,8.221355,8.0
981,I,1.1375,0.875,0.3625,14.78426425,6.25106475,2.9199985,5.6699,12.0
982,I,0.925,0.7125,0.225,6.44951125,2.70737725,1.2757275,2.1262125,6.0
983,M,1.3625,1.1,0.3375,24.99008425,10.90038275,4.86193925,7.5126175,12.0
984,I,0.85,0.625,0.2125,5.10291,2.11203775,1.17650425,1.5592225,6.0
985,F,1.4,1.075,0.325,24.81998725,12.133586,4.3941725,6.80388,9.0
986,M,1.25,0.9375,0.3125,17.70426275,7.9662095,3.515338,4.9611625,7.0
987,F,1.4375,1.1375,0.3875,28.4345485,11.8784405,7.6260155,7.37087,10.0
988,M,1.4375,1.0875,0.4,27.45649075,13.42348825,4.77689075,8.0796075,10.0
989,I,1.075,0.8125,0.2375,8.901743,4.3374735,1.871067,2.551455,7.0
990,F,1.65,1.3125,0.5,42.354153,18.75319425,7.47009325,12.190285,20.0
991,M,1.4375,1.1125,0.4125,26.2232875,10.44679075,6.44951125,7.7961125,10.0
992,F,1.45,1.15,0.3625,25.231055,11.0846545,5.783298,7.087375,9.0
993,I,1.3125,1.025,0.3625,21.70154225,9.14271375,5.896696,5.5281525,11.0
994,M,1.25,0.95,0.3375,14.8267885,5.6699,3.7704835,5.953395,9.0
995,M,0.7,0.5375,0.175,3.47281375,1.360776,1.03475675,0.850485,5.0
996,M,1.45,1.1125,0.3625,27.68328675,12.71475075,5.8683465,7.5126175,10.0
997,I,0.95,0.725,0.2125,7.8528115,2.7499015,1.43164975,2.324659,6.0
998,F,1.325,1.0625,0.425,23.57260925,7.3992195,6.08096775,7.2291225,14.0
999,F,1.4625,1.125,0.4375,27.34309275,10.56018875,6.1518415,8.391452,13.0
